ï»؟formula,tipo_compuesto,tipo_reaccion,patron_reaccion,descripcion_reaccion
Oâ‚‚,Molأ©cula homoatأ³mica,sأ­ntesis,Hâ‚‚ + آ½Oâ‚‚ â†’ Hâ‚‚O | Nâ‚‚ + 3Hâ‚‚ â†’ 2NHâ‚ƒ | Clâ‚‚ + 2NaOH â†’ NaOCl,"Molأ©culas diatأ³micas: combustiأ³n, sأ­ntesis, dismutaciأ³n"
Nâ‚‚,Molأ©cula homoatأ³mica,sأ­ntesis,Hâ‚‚ + آ½Oâ‚‚ â†’ Hâ‚‚O | Nâ‚‚ + 3Hâ‚‚ â†’ 2NHâ‚ƒ | Clâ‚‚ + 2NaOH â†’ NaOCl,"Molأ©culas diatأ³micas: combustiأ³n, sأ­ntesis, dismutaciأ³n"
Clâ‚‚,Molأ©cula homoatأ³mica,sأ­ntesis,Hâ‚‚ + آ½Oâ‚‚ â†’ Hâ‚‚O | Nâ‚‚ + 3Hâ‚‚ â†’ 2NHâ‚ƒ | Clâ‚‚ + 2NaOH â†’ NaOCl,"Molأ©culas diatأ³micas: combustiأ³n, sأ­ntesis, dismutaciأ³n"
Fâ‚‚,Molأ©cula homoatأ³mica,sأ­ntesis,Hâ‚‚ + آ½Oâ‚‚ â†’ Hâ‚‚O | Nâ‚‚ + 3Hâ‚‚ â†’ 2NHâ‚ƒ | Clâ‚‚ + 2NaOH â†’ NaOCl,"Molأ©culas diatأ³micas: combustiأ³n, sأ­ntesis, dismutaciأ³n"
Brâ‚‚,Molأ©cula homoatأ³mica,sأ­ntesis,Hâ‚‚ + آ½Oâ‚‚ â†’ Hâ‚‚O | Nâ‚‚ + 3Hâ‚‚ â†’ 2NHâ‚ƒ | Clâ‚‚ + 2NaOH â†’ NaOCl,"Molأ©culas diatأ³micas: combustiأ³n, sأ­ntesis, dismutaciأ³n"
Iâ‚‚,Molأ©cula homoatأ³mica,sأ­ntesis,Hâ‚‚ + آ½Oâ‚‚ â†’ Hâ‚‚O | Nâ‚‚ + 3Hâ‚‚ â†’ 2NHâ‚ƒ | Clâ‚‚ + 2NaOH â†’ NaOCl,"Molأ©culas diatأ³micas: combustiأ³n, sأ­ntesis, dismutaciأ³n"
Sâ‚ˆ,Molأ©cula homoatأ³mica,sأ­ntesis,Hâ‚‚ + آ½Oâ‚‚ â†’ Hâ‚‚O | Nâ‚‚ + 3Hâ‚‚ â†’ 2NHâ‚ƒ | Clâ‚‚ + 2NaOH â†’ NaOCl,"Molأ©culas diatأ³micas: combustiأ³n, sأ­ntesis, dismutaciأ³n"
Pâ‚„,Molأ©cula homoatأ³mica,sأ­ntesis,Hâ‚‚ + آ½Oâ‚‚ â†’ Hâ‚‚O | Nâ‚‚ + 3Hâ‚‚ â†’ 2NHâ‚ƒ | Clâ‚‚ + 2NaOH â†’ NaOCl,"Molأ©culas diatأ³micas: combustiأ³n, sأ­ntesis, dismutaciأ³n"
Hâ‚‚O,Compuesto inorgأ،nico,sأ­ntesis,NHâ‚ƒ + HCl â†’ NHâ‚„Cl | Hâ‚‚O + SOâ‚ƒ â†’ Hâ‚‚SOâ‚„,Reacciones de combinaciأ³n directa
COâ‚‚,أ“xido,neutralizaciأ³n,MO + Hâ‚‚O â†’ M(OH)â‚‚ | MO + HCl â†’ MClâ‚‚ + Hâ‚‚O,أ“xido + agua â†’ hidrأ³xido; أ³xido + أ،cido â†’ sal + agua
NHâ‚ƒ,Compuesto inorgأ،nico,sأ­ntesis,NHâ‚ƒ + HCl â†’ NHâ‚„Cl | Hâ‚‚O + SOâ‚ƒ â†’ Hâ‚‚SOâ‚„,Reacciones de combinaciأ³n directa
CHâ‚„,Alcano,combustiأ³n,Câ‚™Hâ‚‚â‚™â‚ٹâ‚‚ + Oâ‚‚ â†’ COâ‚‚ + Hâ‚‚O | Câ‚™Hâ‚‚â‚™â‚ٹâ‚‚ + Xâ‚‚ â†’ Câ‚™Hâ‚‚â‚™â‚ٹâ‚پX + HX,Combustiأ³n completa; halogenaciأ³n radical
NaCl,Haluro,precipitaciأ³n,MX + AgNOâ‚ƒ â†’ AgXâ†“ + M(NOâ‚ƒ) | MX + NaOH â†’ M(OH)â†“ + NaX,Haluro + plata â†’ precipitado; con NaOH â†’ hidrأ³xido
Hâ‚‚Oâ‚‚,أ“xido,neutralizaciأ³n,MO + Hâ‚‚O â†’ M(OH)â‚‚ | MO + HCl â†’ MClâ‚‚ + Hâ‚‚O,أ“xido + agua â†’ hidrأ³xido; أ³xido + أ،cido â†’ sal + agua
Hâ‚‚SOâ‚„,أپcido,neutralizaciأ³n,HnA + nMOH â†’ MnA + nHâ‚‚O,أپcido + base â†’ sal + agua (reacciأ³n de neutralizaciأ³n)
HCl,أپcido,neutralizaciأ³n,HnA + nMOH â†’ MnA + nHâ‚‚O,أپcido + base â†’ sal + agua (reacciأ³n de neutralizaciأ³n)
HNOâ‚ƒ,أپcido,neutralizaciأ³n,HnA + nMOH â†’ MnA + nHâ‚‚O,أپcido + base â†’ sal + agua (reacciأ³n de neutralizaciأ³n)
Hâ‚ƒPOâ‚„,أپcido,neutralizaciأ³n,HnA + nMOH â†’ MnA + nHâ‚‚O,أپcido + base â†’ sal + agua (reacciأ³n de neutralizaciأ³n)
CHâ‚ƒCOOH,أپcido,neutralizaciأ³n,HnA + nMOH â†’ MnA + nHâ‚‚O,أپcido + base â†’ sal + agua (reacciأ³n de neutralizaciأ³n)
HF,أپcido,neutralizaciأ³n,HnA + nMOH â†’ MnA + nHâ‚‚O,أپcido + base â†’ sal + agua (reacciأ³n de neutralizaciأ³n)
HBr,أپcido,neutralizaciأ³n,HnA + nMOH â†’ MnA + nHâ‚‚O,أپcido + base â†’ sal + agua (reacciأ³n de neutralizaciأ³n)
NaOH,Base/Hidrأ³xido,precipitaciأ³n,M(OH)â‚‚ + MXâ‚‚ â†’ M'(OH)â‚‚â†“ + MXâ‚‚ | MOH + HA â†’ MA + Hâ‚‚O,Hidrأ³xido precipita metales; neutraliza أ،cidos
KOH,Base/Hidrأ³xido,precipitaciأ³n,M(OH)â‚‚ + MXâ‚‚ â†’ M'(OH)â‚‚â†“ + MXâ‚‚ | MOH + HA â†’ MA + Hâ‚‚O,Hidrأ³xido precipita metales; neutraliza أ،cidos
Ca(OH)â‚‚,Base/Hidrأ³xido,precipitaciأ³n,M(OH)â‚‚ + MXâ‚‚ â†’ M'(OH)â‚‚â†“ + MXâ‚‚ | MOH + HA â†’ MA + Hâ‚‚O,Hidrأ³xido precipita metales; neutraliza أ،cidos
Mg(OH)â‚‚,Base/Hidrأ³xido,precipitaciأ³n,M(OH)â‚‚ + MXâ‚‚ â†’ M'(OH)â‚‚â†“ + MXâ‚‚ | MOH + HA â†’ MA + Hâ‚‚O,Hidrأ³xido precipita metales; neutraliza أ،cidos
Al(OH)â‚ƒ,Base/Hidrأ³xido,precipitaciأ³n,M(OH)â‚‚ + MXâ‚‚ â†’ M'(OH)â‚‚â†“ + MXâ‚‚ | MOH + HA â†’ MA + Hâ‚‚O,Hidrأ³xido precipita metales; neutraliza أ،cidos
Fe(OH)â‚ƒ,Base/Hidrأ³xido,precipitaciأ³n,M(OH)â‚‚ + MXâ‚‚ â†’ M'(OH)â‚‚â†“ + MXâ‚‚ | MOH + HA â†’ MA + Hâ‚‚O,Hidrأ³xido precipita metales; neutraliza أ،cidos
NHâ‚„OH,Base/Hidrأ³xido,precipitaciأ³n,M(OH)â‚‚ + MXâ‚‚ â†’ M'(OH)â‚‚â†“ + MXâ‚‚ | MOH + HA â†’ MA + Hâ‚‚O,Hidrأ³xido precipita metales; neutraliza أ،cidos
CO,أ“xido,neutralizaciأ³n,MO + Hâ‚‚O â†’ M(OH)â‚‚ | MO + HCl â†’ MClâ‚‚ + Hâ‚‚O,أ“xido + agua â†’ hidrأ³xido; أ³xido + أ،cido â†’ sal + agua
SOâ‚‚,أ“xido,neutralizaciأ³n,MO + Hâ‚‚O â†’ M(OH)â‚‚ | MO + HCl â†’ MClâ‚‚ + Hâ‚‚O,أ“xido + agua â†’ hidrأ³xido; أ³xido + أ،cido â†’ sal + agua
SOâ‚ƒ,أ“xido,neutralizaciأ³n,MO + Hâ‚‚O â†’ M(OH)â‚‚ | MO + HCl â†’ MClâ‚‚ + Hâ‚‚O,أ“xido + agua â†’ hidrأ³xido; أ³xido + أ،cido â†’ sal + agua
NO,أ“xido,neutralizaciأ³n,MO + Hâ‚‚O â†’ M(OH)â‚‚ | MO + HCl â†’ MClâ‚‚ + Hâ‚‚O,أ“xido + agua â†’ hidrأ³xido; أ³xido + أ،cido â†’ sal + agua
NOâ‚‚,أ“xido,neutralizaciأ³n,MO + Hâ‚‚O â†’ M(OH)â‚‚ | MO + HCl â†’ MClâ‚‚ + Hâ‚‚O,أ“xido + agua â†’ hidrأ³xido; أ³xido + أ،cido â†’ sal + agua
Nâ‚‚O,أ“xido,neutralizaciأ³n,MO + Hâ‚‚O â†’ M(OH)â‚‚ | MO + HCl â†’ MClâ‚‚ + Hâ‚‚O,أ“xido + agua â†’ hidrأ³xido; أ³xido + أ،cido â†’ sal + agua
Pâ‚‚Oâ‚…,أ“xido,neutralizaciأ³n,MO + Hâ‚‚O â†’ M(OH)â‚‚ | MO + HCl â†’ MClâ‚‚ + Hâ‚‚O,أ“xido + agua â†’ hidrأ³xido; أ³xido + أ،cido â†’ sal + agua
Naâ‚‚O,أ“xido,neutralizaciأ³n,MO + Hâ‚‚O â†’ M(OH)â‚‚ | MO + HCl â†’ MClâ‚‚ + Hâ‚‚O,أ“xido + agua â†’ hidrأ³xido; أ³xido + أ،cido â†’ sal + agua
CaO,أ“xido,neutralizaciأ³n,MO + Hâ‚‚O â†’ M(OH)â‚‚ | MO + HCl â†’ MClâ‚‚ + Hâ‚‚O,أ“xido + agua â†’ hidrأ³xido; أ³xido + أ،cido â†’ sal + agua
Feâ‚‚Oâ‚ƒ,أ“xido,neutralizaciأ³n,MO + Hâ‚‚O â†’ M(OH)â‚‚ | MO + HCl â†’ MClâ‚‚ + Hâ‚‚O,أ“xido + agua â†’ hidrأ³xido; أ³xido + أ،cido â†’ sal + agua
Feâ‚ƒOâ‚„,أ“xido,neutralizaciأ³n,MO + Hâ‚‚O â†’ M(OH)â‚‚ | MO + HCl â†’ MClâ‚‚ + Hâ‚‚O,أ“xido + agua â†’ hidrأ³xido; أ³xido + أ،cido â†’ sal + agua
Alâ‚‚Oâ‚ƒ,أ“xido,neutralizaciأ³n,MO + Hâ‚‚O â†’ M(OH)â‚‚ | MO + HCl â†’ MClâ‚‚ + Hâ‚‚O,أ“xido + agua â†’ hidrأ³xido; أ³xido + أ،cido â†’ sal + agua
MgO,أ“xido,neutralizaciأ³n,MO + Hâ‚‚O â†’ M(OH)â‚‚ | MO + HCl â†’ MClâ‚‚ + Hâ‚‚O,أ“xido + agua â†’ hidrأ³xido; أ³xido + أ،cido â†’ sal + agua
TiOâ‚‚,أ“xido,neutralizaciأ³n,MO + Hâ‚‚O â†’ M(OH)â‚‚ | MO + HCl â†’ MClâ‚‚ + Hâ‚‚O,أ“xido + agua â†’ hidrأ³xido; أ³xido + أ،cido â†’ sal + agua
SiOâ‚‚,أ“xido,neutralizaciأ³n,MO + Hâ‚‚O â†’ M(OH)â‚‚ | MO + HCl â†’ MClâ‚‚ + Hâ‚‚O,أ“xido + agua â†’ hidrأ³xido; أ³xido + أ،cido â†’ sal + agua
Naâ‚‚COâ‚ƒ,Carbonato,descomposiciأ³n,MCOâ‚ƒ + 2HA â†’ MAâ‚‚ + Hâ‚‚O + COâ‚‚â†‘ | MCOâ‚ƒ â†’ MO + COâ‚‚,Carbonato + أ،cido â†’ efervescencia COâ‚‚; calcinaciأ³n
CaCOâ‚ƒ,Carbonato,descomposiciأ³n,MCOâ‚ƒ + 2HA â†’ MAâ‚‚ + Hâ‚‚O + COâ‚‚â†‘ | MCOâ‚ƒ â†’ MO + COâ‚‚,Carbonato + أ،cido â†’ efervescencia COâ‚‚; calcinaciأ³n
Kâ‚‚COâ‚ƒ,Carbonato,descomposiciأ³n,MCOâ‚ƒ + 2HA â†’ MAâ‚‚ + Hâ‚‚O + COâ‚‚â†‘ | MCOâ‚ƒ â†’ MO + COâ‚‚,Carbonato + أ،cido â†’ efervescencia COâ‚‚; calcinaciأ³n
MgCOâ‚ƒ,Carbonato,descomposiciأ³n,MCOâ‚ƒ + 2HA â†’ MAâ‚‚ + Hâ‚‚O + COâ‚‚â†‘ | MCOâ‚ƒ â†’ MO + COâ‚‚,Carbonato + أ،cido â†’ efervescencia COâ‚‚; calcinaciأ³n
NaHCOâ‚ƒ,Carbonato,descomposiciأ³n,MCOâ‚ƒ + 2HA â†’ MAâ‚‚ + Hâ‚‚O + COâ‚‚â†‘ | MCOâ‚ƒ â†’ MO + COâ‚‚,Carbonato + أ،cido â†’ efervescencia COâ‚‚; calcinaciأ³n
Naâ‚‚SOâ‚„,Sulfato,precipitaciأ³n,MSOâ‚„ + BaClâ‚‚ â†’ BaSOâ‚„â†“ + MClâ‚‚,Precipitaciأ³n de BaSOâ‚„ (prueba cualitativa de sulfatos)
CaSOâ‚„,Sulfato,precipitaciأ³n,MSOâ‚„ + BaClâ‚‚ â†’ BaSOâ‚„â†“ + MClâ‚‚,Precipitaciأ³n de BaSOâ‚„ (prueba cualitativa de sulfatos)
MgSOâ‚„,Sulfato,precipitaciأ³n,MSOâ‚„ + BaClâ‚‚ â†’ BaSOâ‚„â†“ + MClâ‚‚,Precipitaciأ³n de BaSOâ‚„ (prueba cualitativa de sulfatos)
CuSOâ‚„,Sulfato,precipitaciأ³n,MSOâ‚„ + BaClâ‚‚ â†’ BaSOâ‚„â†“ + MClâ‚‚,Precipitaciأ³n de BaSOâ‚„ (prueba cualitativa de sulfatos)
Kâ‚‚SOâ‚„,Sulfato,precipitaciأ³n,MSOâ‚„ + BaClâ‚‚ â†’ BaSOâ‚„â†“ + MClâ‚‚,Precipitaciأ³n de BaSOâ‚„ (prueba cualitativa de sulfatos)
ZnSOâ‚„,Sulfato,precipitaciأ³n,MSOâ‚„ + BaClâ‚‚ â†’ BaSOâ‚„â†“ + MClâ‚‚,Precipitaciأ³n de BaSOâ‚„ (prueba cualitativa de sulfatos)
KCl,Haluro,precipitaciأ³n,MX + AgNOâ‚ƒ â†’ AgXâ†“ + M(NOâ‚ƒ) | MX + NaOH â†’ M(OH)â†“ + NaX,Haluro + plata â†’ precipitado; con NaOH â†’ hidrأ³xido
CaClâ‚‚,Haluro,precipitaciأ³n,MX + AgNOâ‚ƒ â†’ AgXâ†“ + M(NOâ‚ƒ) | MX + NaOH â†’ M(OH)â†“ + NaX,Haluro + plata â†’ precipitado; con NaOH â†’ hidrأ³xido
MgClâ‚‚,Haluro,precipitaciأ³n,MX + AgNOâ‚ƒ â†’ AgXâ†“ + M(NOâ‚ƒ) | MX + NaOH â†’ M(OH)â†“ + NaX,Haluro + plata â†’ precipitado; con NaOH â†’ hidrأ³xido
FeClâ‚ƒ,Haluro,precipitaciأ³n,MX + AgNOâ‚ƒ â†’ AgXâ†“ + M(NOâ‚ƒ) | MX + NaOH â†’ M(OH)â†“ + NaX,Haluro + plata â†’ precipitado; con NaOH â†’ hidrأ³xido
AlClâ‚ƒ,Haluro,precipitaciأ³n,MX + AgNOâ‚ƒ â†’ AgXâ†“ + M(NOâ‚ƒ) | MX + NaOH â†’ M(OH)â†“ + NaX,Haluro + plata â†’ precipitado; con NaOH â†’ hidrأ³xido
NaF,Haluro,precipitaciأ³n,MX + AgNOâ‚ƒ â†’ AgXâ†“ + M(NOâ‚ƒ) | MX + NaOH â†’ M(OH)â†“ + NaX,Haluro + plata â†’ precipitado; con NaOH â†’ hidrأ³xido
NaBr,Haluro,precipitaciأ³n,MX + AgNOâ‚ƒ â†’ AgXâ†“ + M(NOâ‚ƒ) | MX + NaOH â†’ M(OH)â†“ + NaX,Haluro + plata â†’ precipitado; con NaOH â†’ hidrأ³xido
NaI,Haluro,precipitaciأ³n,MX + AgNOâ‚ƒ â†’ AgXâ†“ + M(NOâ‚ƒ) | MX + NaOH â†’ M(OH)â†“ + NaX,Haluro + plata â†’ precipitado; con NaOH â†’ hidrأ³xido
KNOâ‚ƒ,Nitrato/Nitrito,descomposiciأ³n,2MNOâ‚ƒ â†’ 2MNOâ‚‚ + Oâ‚‚ (calor) | MNOâ‚ƒ + HA â†’ MA + HNOâ‚ƒ,Nitrato se descompone con calor; con أ،cido â†’ أ،cido nأ­trico
NaNOâ‚ƒ,Nitrato/Nitrito,descomposiciأ³n,2MNOâ‚ƒ â†’ 2MNOâ‚‚ + Oâ‚‚ (calor) | MNOâ‚ƒ + HA â†’ MA + HNOâ‚ƒ,Nitrato se descompone con calor; con أ،cido â†’ أ،cido nأ­trico
Ca(NOâ‚ƒ)â‚‚,Nitrato/Nitrito,descomposiciأ³n,2MNOâ‚ƒ â†’ 2MNOâ‚‚ + Oâ‚‚ (calor) | MNOâ‚ƒ + HA â†’ MA + HNOâ‚ƒ,Nitrato se descompone con calor; con أ،cido â†’ أ،cido nأ­trico
NaNOâ‚‚,Nitrato/Nitrito,descomposiciأ³n,2MNOâ‚ƒ â†’ 2MNOâ‚‚ + Oâ‚‚ (calor) | MNOâ‚ƒ + HA â†’ MA + HNOâ‚ƒ,Nitrato se descompone con calor; con أ،cido â†’ أ،cido nأ­trico
KNOâ‚‚,Nitrato/Nitrito,descomposiciأ³n,2MNOâ‚ƒ â†’ 2MNOâ‚‚ + Oâ‚‚ (calor) | MNOâ‚ƒ + HA â†’ MA + HNOâ‚ƒ,Nitrato se descompone con calor; con أ،cido â†’ أ،cido nأ­trico
Naâ‚ƒPOâ‚„,Fosfato,precipitaciأ³n,Mâ‚ƒPOâ‚„ + CaClâ‚‚ â†’ Caâ‚ƒ(POâ‚„)â‚‚â†“ | Mâ‚ƒPOâ‚„ + 3HA â†’ MA + Hâ‚ƒPOâ‚„,Precipitaciأ³n de fosfato cأ،lcico; neutralizaciأ³n
Caâ‚ƒ(POâ‚„)â‚‚,Fosfato,precipitaciأ³n,Mâ‚ƒPOâ‚„ + CaClâ‚‚ â†’ Caâ‚ƒ(POâ‚„)â‚‚â†“ | Mâ‚ƒPOâ‚„ + 3HA â†’ MA + Hâ‚ƒPOâ‚„,Precipitaciأ³n de fosfato cأ،lcico; neutralizaciأ³n
Kâ‚ƒPOâ‚„,Fosfato,precipitaciأ³n,Mâ‚ƒPOâ‚„ + CaClâ‚‚ â†’ Caâ‚ƒ(POâ‚„)â‚‚â†“ | Mâ‚ƒPOâ‚„ + 3HA â†’ MA + Hâ‚ƒPOâ‚„,Precipitaciأ³n de fosfato cأ،lcico; neutralizaciأ³n
Naâ‚‚S,Sulfuro,desplazamiento,MS + 2HA â†’ MAâ‚‚ + Hâ‚‚Sâ†‘,Sulfuro + أ،cido â†’ Hâ‚‚S (gas tأ³xico caracterأ­stico)
FeS,Sulfuro,desplazamiento,MS + 2HA â†’ MAâ‚‚ + Hâ‚‚Sâ†‘,Sulfuro + أ،cido â†’ Hâ‚‚S (gas tأ³xico caracterأ­stico)
FeSâ‚‚,Sulfuro,desplazamiento,MS + 2HA â†’ MAâ‚‚ + Hâ‚‚Sâ†‘,Sulfuro + أ،cido â†’ Hâ‚‚S (gas tأ³xico caracterأ­stico)
ZnS,Sulfuro,desplazamiento,MS + 2HA â†’ MAâ‚‚ + Hâ‚‚Sâ†‘,Sulfuro + أ،cido â†’ Hâ‚‚S (gas tأ³xico caracterأ­stico)
PbS,Sulfuro,desplazamiento,MS + 2HA â†’ MAâ‚‚ + Hâ‚‚Sâ†‘,Sulfuro + أ،cido â†’ Hâ‚‚S (gas tأ³xico caracterأ­stico)
CuS,Sulfuro,desplazamiento,MS + 2HA â†’ MAâ‚‚ + Hâ‚‚Sâ†‘,Sulfuro + أ،cido â†’ Hâ‚‚S (gas tأ³xico caracterأ­stico)
CHâ‚ƒCHâ‚ƒ,Alcano,combustiأ³n,Câ‚™Hâ‚‚â‚™â‚ٹâ‚‚ + Oâ‚‚ â†’ COâ‚‚ + Hâ‚‚O | Câ‚™Hâ‚‚â‚™â‚ٹâ‚‚ + Xâ‚‚ â†’ Câ‚™Hâ‚‚â‚™â‚ٹâ‚پX + HX,Combustiأ³n completa; halogenaciأ³n radical
CHâ‚ƒCHâ‚‚CHâ‚ƒ,Alcano,combustiأ³n,Câ‚™Hâ‚‚â‚™â‚ٹâ‚‚ + Oâ‚‚ â†’ COâ‚‚ + Hâ‚‚O | Câ‚™Hâ‚‚â‚™â‚ٹâ‚‚ + Xâ‚‚ â†’ Câ‚™Hâ‚‚â‚™â‚ٹâ‚پX + HX,Combustiأ³n completa; halogenaciأ³n radical
Câ‚„Hâ‚پâ‚€,Alcano,combustiأ³n,Câ‚™Hâ‚‚â‚™â‚ٹâ‚‚ + Oâ‚‚ â†’ COâ‚‚ + Hâ‚‚O | Câ‚™Hâ‚‚â‚™â‚ٹâ‚‚ + Xâ‚‚ â†’ Câ‚™Hâ‚‚â‚™â‚ٹâ‚پX + HX,Combustiأ³n completa; halogenaciأ³n radical
Câ‚…Hâ‚پâ‚‚,Alcano,combustiأ³n,Câ‚™Hâ‚‚â‚™â‚ٹâ‚‚ + Oâ‚‚ â†’ COâ‚‚ + Hâ‚‚O | Câ‚™Hâ‚‚â‚™â‚ٹâ‚‚ + Xâ‚‚ â†’ Câ‚™Hâ‚‚â‚™â‚ٹâ‚پX + HX,Combustiأ³n completa; halogenaciأ³n radical
Câ‚†Hâ‚پâ‚„,Alcano,combustiأ³n,Câ‚™Hâ‚‚â‚™â‚ٹâ‚‚ + Oâ‚‚ â†’ COâ‚‚ + Hâ‚‚O | Câ‚™Hâ‚‚â‚™â‚ٹâ‚‚ + Xâ‚‚ â†’ Câ‚™Hâ‚‚â‚™â‚ٹâ‚پX + HX,Combustiأ³n completa; halogenaciأ³n radical
Câ‚ˆHâ‚پâ‚ˆ,Alcano,combustiأ³n,Câ‚™Hâ‚‚â‚™â‚ٹâ‚‚ + Oâ‚‚ â†’ COâ‚‚ + Hâ‚‚O | Câ‚™Hâ‚‚â‚™â‚ٹâ‚‚ + Xâ‚‚ â†’ Câ‚™Hâ‚‚â‚™â‚ٹâ‚پX + HX,Combustiأ³n completa; halogenaciأ³n radical
Câ‚‚Hâ‚„,Alqueno/Alquino,adiciأ³n-sustituciأ³n,C=C + Brâ‚‚ â†’ CBr-CBr | C=C + Hâ‚‚O â†’ C-OH | nC=C â†’ polأ­mero,"Adiciأ³n electrofأ­lica, hidrataciأ³n, polimerizaciأ³n"
Câ‚ƒHâ‚†,Alqueno/Alquino,adiciأ³n-sustituciأ³n,C=C + Brâ‚‚ â†’ CBr-CBr | C=C + Hâ‚‚O â†’ C-OH | nC=C â†’ polأ­mero,"Adiciأ³n electrofأ­lica, hidrataciأ³n, polimerizaciأ³n"
Câ‚‚Hâ‚‚,Alqueno/Alquino,adiciأ³n-sustituciأ³n,C=C + Brâ‚‚ â†’ CBr-CBr | C=C + Hâ‚‚O â†’ C-OH | nC=C â†’ polأ­mero,"Adiciأ³n electrofأ­lica, hidrataciأ³n, polimerizaciأ³n"
Câ‚„Hâ‚†,Alqueno/Alquino,adiciأ³n-sustituciأ³n,C=C + Brâ‚‚ â†’ CBr-CBr | C=C + Hâ‚‚O â†’ C-OH | nC=C â†’ polأ­mero,"Adiciأ³n electrofأ­lica, hidrataciأ³n, polimerizaciأ³n"
CHâ‚ƒOH,Alcohol,oxidaciأ³n,R-OH [O] â†’ R-CHO â†’ R-COOH | R-OH + Na â†’ ROâپ»Naâپ؛ + Hâ‚‚â†‘,Oxidaciأ³n a aldehأ­do/أ،cido; reacciأ³n con sodio
Câ‚‚Hâ‚…OH,Alcohol,oxidaciأ³n,R-OH [O] â†’ R-CHO â†’ R-COOH | R-OH + Na â†’ ROâپ»Naâپ؛ + Hâ‚‚â†‘,Oxidaciأ³n a aldehأ­do/أ،cido; reacciأ³n con sodio
Câ‚ƒHâ‚‡OH,Alcohol,oxidaciأ³n,R-OH [O] â†’ R-CHO â†’ R-COOH | R-OH + Na â†’ ROâپ»Naâپ؛ + Hâ‚‚â†‘,Oxidaciأ³n a aldehأ­do/أ،cido; reacciأ³n con sodio
Câ‚„Hâ‚‰OH,Alcohol,oxidaciأ³n,R-OH [O] â†’ R-CHO â†’ R-COOH | R-OH + Na â†’ ROâپ»Naâپ؛ + Hâ‚‚â†‘,Oxidaciأ³n a aldehأ­do/أ،cido; reacciأ³n con sodio
Câ‚†Hâ‚…OH,Alcohol,oxidaciأ³n,R-OH [O] â†’ R-CHO â†’ R-COOH | R-OH + Na â†’ ROâپ»Naâپ؛ + Hâ‚‚â†‘,Oxidaciأ³n a aldehأ­do/أ،cido; reacciأ³n con sodio
HCHO,Compuesto carbonأ­lico,adiciأ³n-sustituciأ³n,R-CHO + Cu(OH)â‚‚ â†’ Cuâ‚‚Oâ†“ (Fehling) | R-CHO + 2Agâپ؛ â†’ 2Agâ†“ (espejo),"Aldehأ­dos: reductores (Fehling, Tollens)"
CHâ‚ƒCHO,Compuesto carbonأ­lico,adiciأ³n-sustituciأ³n,R-CHO + Cu(OH)â‚‚ â†’ Cuâ‚‚Oâ†“ (Fehling) | R-CHO + 2Agâپ؛ â†’ 2Agâ†“ (espejo),"Aldehأ­dos: reductores (Fehling, Tollens)"
CHâ‚ƒCOCHâ‚ƒ,Compuesto carbonأ­lico,adiciأ³n-sustituciأ³n,R-CHO + Cu(OH)â‚‚ â†’ Cuâ‚‚Oâ†“ (Fehling) | R-CHO + 2Agâپ؛ â†’ 2Agâ†“ (espejo),"Aldehأ­dos: reductores (Fehling, Tollens)"
Câ‚†Hâ‚…CHO,Compuesto carbonأ­lico,adiciأ³n-sustituciأ³n,R-CHO + Cu(OH)â‚‚ â†’ Cuâ‚‚Oâ†“ (Fehling) | R-CHO + 2Agâپ؛ â†’ 2Agâ†“ (espejo),"Aldehأ­dos: reductores (Fehling, Tollens)"
CHâ‚‚(NHâ‚‚)COOH,Aminoأ،cido,adiciأ³n-sustituciأ³n,nHâ‚‚N-CHR-COOH â†’ polipأ©ptido + nHâ‚‚O | + ninhidrina â†’ color pأ؛rpura,Policondensaciأ³n (proteأ­nas); detecciأ³n con ninhidrina
Câ‚ƒHâ‚‡NOâ‚‚,Aminoأ،cido,adiciأ³n-sustituciأ³n,nHâ‚‚N-CHR-COOH â†’ polipأ©ptido + nHâ‚‚O | + ninhidrina â†’ color pأ؛rpura,Policondensaciأ³n (proteأ­nas); detecciأ³n con ninhidrina
Câ‚†Hâ‚پâ‚‚Oâ‚†,Carbohidrato,oxidaciأ³n,Câ‚†Hâ‚پâ‚‚Oâ‚† + 6Oâ‚‚ â†’ 6COâ‚‚ + 6Hâ‚‚O | Câ‚†Hâ‚پâ‚‚Oâ‚† â†’ 2Câ‚‚Hâ‚…OH + 2COâ‚‚,Respiraciأ³n celular; fermentaciأ³n alcohأ³lica
Câ‚پâ‚‚Hâ‚‚â‚‚Oâ‚پâ‚پ,Carbohidrato,oxidaciأ³n,Câ‚†Hâ‚پâ‚‚Oâ‚† + 6Oâ‚‚ â†’ 6COâ‚‚ + 6Hâ‚‚O | Câ‚†Hâ‚پâ‚‚Oâ‚† â†’ 2Câ‚‚Hâ‚…OH + 2COâ‚‚,Respiraciأ³n celular; fermentaciأ³n alcohأ³lica
Câ‚†Hâ‚پâ‚‚Oâ‚†,Carbohidrato,oxidaciأ³n,Câ‚†Hâ‚پâ‚‚Oâ‚† + 6Oâ‚‚ â†’ 6COâ‚‚ + 6Hâ‚‚O | Câ‚†Hâ‚پâ‚‚Oâ‚† â†’ 2Câ‚‚Hâ‚…OH + 2COâ‚‚,Respiraciأ³n celular; fermentaciأ³n alcohأ³lica
Câ‚…Hâ‚…N,Amina,neutralizaciأ³n,R-NHâ‚‚ + HA â†’ R-NHâ‚ƒâپ؛Aâپ» | Câ‚†Hâ‚…NHâ‚‚ + HNOâ‚‚ â†’ Câ‚†Hâ‚…Nâ‚‚âپ؛ (diazonio),Amina bأ،sica + أ،cido; diazotaciأ³n de arilaminas
Câ‚پâ‚‡Hâ‚پâ‚‰NOâ‚ƒ,Alcaloide,neutralizaciأ³n,Alcaloide + HA â†’ sal de alcaloide (soluble) | + reactivos colorimأ©tricos,Alcaloides: bases â†’ sales solubles con أ،cidos
Câ‚ˆHâ‚پâ‚پNOâ‚‚,Amina,neutralizaciأ³n,R-NHâ‚‚ + HA â†’ R-NHâ‚ƒâپ؛Aâپ» | Câ‚†Hâ‚…NHâ‚‚ + HNOâ‚‚ â†’ Câ‚†Hâ‚…Nâ‚‚âپ؛ (diazonio),Amina bأ،sica + أ،cido; diazotaciأ³n de arilaminas
Câ‚‰Hâ‚پâ‚ƒNOâ‚ƒ,Amina,neutralizaciأ³n,R-NHâ‚‚ + HA â†’ R-NHâ‚ƒâپ؛Aâپ» | Câ‚†Hâ‚…NHâ‚‚ + HNOâ‚‚ â†’ Câ‚†Hâ‚…Nâ‚‚âپ؛ (diazonio),Amina bأ،sica + أ،cido; diazotaciأ³n de arilaminas
AgCl,Haluro,precipitaciأ³n,MX + AgNOâ‚ƒ â†’ AgXâ†“ + M(NOâ‚ƒ) | MX + NaOH â†’ M(OH)â†“ + NaX,Haluro + plata â†’ precipitado; con NaOH â†’ hidrأ³xido
BaSOâ‚„,Sulfato,precipitaciأ³n,MSOâ‚„ + BaClâ‚‚ â†’ BaSOâ‚„â†“ + MClâ‚‚,Precipitaciأ³n de BaSOâ‚„ (prueba cualitativa de sulfatos)
AgNOâ‚ƒ,Nitrato/Nitrito,descomposiciأ³n,2MNOâ‚ƒ â†’ 2MNOâ‚‚ + Oâ‚‚ (calor) | MNOâ‚ƒ + HA â†’ MA + HNOâ‚ƒ,Nitrato se descompone con calor; con أ،cido â†’ أ،cido nأ­trico
Fe(OH)â‚‚,Base/Hidrأ³xido,precipitaciأ³n,M(OH)â‚‚ + MXâ‚‚ â†’ M'(OH)â‚‚â†“ + MXâ‚‚ | MOH + HA â†’ MA + Hâ‚‚O,Hidrأ³xido precipita metales; neutraliza أ،cidos
Cu(OH)â‚‚,Base/Hidrأ³xido,precipitaciأ³n,M(OH)â‚‚ + MXâ‚‚ â†’ M'(OH)â‚‚â†“ + MXâ‚‚ | MOH + HA â†’ MA + Hâ‚‚O,Hidrأ³xido precipita metales; neutraliza أ،cidos
Zn(OH)â‚‚,Base/Hidrأ³xido,precipitaciأ³n,M(OH)â‚‚ + MXâ‚‚ â†’ M'(OH)â‚‚â†“ + MXâ‚‚ | MOH + HA â†’ MA + Hâ‚‚O,Hidrأ³xido precipita metales; neutraliza أ،cidos
Hâ‚‚COâ‚ƒ,أپcido,neutralizaciأ³n,HnA + nMOH â†’ MnA + nHâ‚‚O,أپcido + base â†’ sal + agua (reacciأ³n de neutralizaciأ³n)
Hâ‚‚S,Compuesto inorgأ،nico,sأ­ntesis,NHâ‚ƒ + HCl â†’ NHâ‚„Cl | Hâ‚‚O + SOâ‚ƒ â†’ Hâ‚‚SOâ‚„,Reacciones de combinaciأ³n directa
PHâ‚ƒ,Compuesto inorgأ،nico,sأ­ntesis,NHâ‚ƒ + HCl â†’ NHâ‚„Cl | Hâ‚‚O + SOâ‚ƒ â†’ Hâ‚‚SOâ‚„,Reacciones de combinaciأ³n directa
SiHâ‚„,Compuesto inorgأ،nico,sأ­ntesis,NHâ‚ƒ + HCl â†’ NHâ‚„Cl | Hâ‚‚O + SOâ‚ƒ â†’ Hâ‚‚SOâ‚„,Reacciones de combinaciأ³n directa
OFâ‚‚,Compuesto inorgأ،nico,sأ­ntesis,NHâ‚ƒ + HCl â†’ NHâ‚„Cl | Hâ‚‚O + SOâ‚ƒ â†’ Hâ‚‚SOâ‚„,Reacciones de combinaciأ³n directa
Nâ‚‚Hâ‚„,Compuesto inorgأ،nico,sأ­ntesis,NHâ‚ƒ + HCl â†’ NHâ‚„Cl | Hâ‚‚O + SOâ‚ƒ â†’ Hâ‚‚SOâ‚„,Reacciones de combinaciأ³n directa
Câ‚†Hâ‚†,Compuesto inorgأ،nico,sأ­ntesis,NHâ‚ƒ + HCl â†’ NHâ‚„Cl | Hâ‚‚O + SOâ‚ƒ â†’ Hâ‚‚SOâ‚„,Reacciones de combinaciأ³n directa
Câ‚‡Hâ‚ˆ,Compuesto inorgأ،nico,sأ­ntesis,NHâ‚ƒ + HCl â†’ NHâ‚„Cl | Hâ‚‚O + SOâ‚ƒ â†’ Hâ‚‚SOâ‚„,Reacciones de combinaciأ³n directa
Naâ‚‚SiOâ‚ƒ,Compuesto inorgأ،nico,sأ­ntesis,NHâ‚ƒ + HCl â†’ NHâ‚„Cl | Hâ‚‚O + SOâ‚ƒ â†’ Hâ‚‚SOâ‚„,Reacciones de combinaciأ³n directa
CaCâ‚‚,Carburo/Nitruro,hidrأ³lisis,CaCâ‚‚ + 2Hâ‚‚O â†’ Ca(OH)â‚‚ + Câ‚‚Hâ‚‚â†‘ | Caâ‚ƒNâ‚‚ + 6Hâ‚‚O â†’ 3Ca(OH)â‚‚ + 2NHâ‚ƒâ†‘,Carburo/nitruro + agua â†’ gas + hidrأ³xido
SiC,Carburo/Nitruro,hidrأ³lisis,CaCâ‚‚ + 2Hâ‚‚O â†’ Ca(OH)â‚‚ + Câ‚‚Hâ‚‚â†‘ | Caâ‚ƒNâ‚‚ + 6Hâ‚‚O â†’ 3Ca(OH)â‚‚ + 2NHâ‚ƒâ†‘,Carburo/nitruro + agua â†’ gas + hidrأ³xido
Feâ‚ƒC,Carburo/Nitruro,hidrأ³lisis,CaCâ‚‚ + 2Hâ‚‚O â†’ Ca(OH)â‚‚ + Câ‚‚Hâ‚‚â†‘ | Caâ‚ƒNâ‚‚ + 6Hâ‚‚O â†’ 3Ca(OH)â‚‚ + 2NHâ‚ƒâ†‘,Carburo/nitruro + agua â†’ gas + hidrأ³xido
Caâ‚ƒNâ‚‚,Carburo/Nitruro,hidrأ³lisis,CaCâ‚‚ + 2Hâ‚‚O â†’ Ca(OH)â‚‚ + Câ‚‚Hâ‚‚â†‘ | Caâ‚ƒNâ‚‚ + 6Hâ‚‚O â†’ 3Ca(OH)â‚‚ + 2NHâ‚ƒâ†‘,Carburo/nitruro + agua â†’ gas + hidrأ³xido
NaNâ‚ƒ,Compuesto inorgأ،nico,sأ­ntesis,NHâ‚ƒ + HCl â†’ NHâ‚„Cl | Hâ‚‚O + SOâ‚ƒ â†’ Hâ‚‚SOâ‚„,Reacciones de combinaciأ³n directa
NHâ‚„Cl,Haluro,precipitaciأ³n,MX + AgNOâ‚ƒ â†’ AgXâ†“ + M(NOâ‚ƒ) | MX + NaOH â†’ M(OH)â†“ + NaX,Haluro + plata â†’ precipitado; con NaOH â†’ hidrأ³xido
NHâ‚„NOâ‚ƒ,Nitrato/Nitrito,descomposiciأ³n,2MNOâ‚ƒ â†’ 2MNOâ‚‚ + Oâ‚‚ (calor) | MNOâ‚ƒ + HA â†’ MA + HNOâ‚ƒ,Nitrato se descompone con calor; con أ،cido â†’ أ،cido nأ­trico
(NHâ‚„)â‚‚SOâ‚„,Sulfato,precipitaciأ³n,MSOâ‚„ + BaClâ‚‚ â†’ BaSOâ‚„â†“ + MClâ‚‚,Precipitaciأ³n de BaSOâ‚„ (prueba cualitativa de sulfatos)
Hâ‚ƒBOâ‚ƒ,أپcido,neutralizaciأ³n,HnA + nMOH â†’ MnA + nHâ‚‚O,أپcido + base â†’ sal + agua (reacciأ³n de neutralizaciأ³n)
HClOâ‚„,أپcido,neutralizaciأ³n,HnA + nMOH â†’ MnA + nHâ‚‚O,أپcido + base â†’ sal + agua (reacciأ³n de neutralizaciأ³n)
HMnOâ‚„,أپcido,neutralizaciأ³n,HnA + nMOH â†’ MnA + nHâ‚‚O,أپcido + base â†’ sal + agua (reacciأ³n de neutralizaciأ³n)
CHâ‚‚=CHCOOH,أپcido,neutralizaciأ³n,HnA + nMOH â†’ MnA + nHâ‚‚O,أپcido + base â†’ sal + agua (reacciأ³n de neutralizaciأ³n)
Câ‚†Hâ‚…COOH,أپcido,neutralizaciأ³n,HnA + nMOH â†’ MnA + nHâ‚‚O,أپcido + base â†’ sal + agua (reacciأ³n de neutralizaciأ³n)
CHâ‚ƒCHâ‚‚COOH,أپcido,neutralizaciأ³n,HnA + nMOH â†’ MnA + nHâ‚‚O,أپcido + base â†’ sal + agua (reacciأ³n de neutralizaciأ³n)
Câ‚†Hâ‚پâ‚‚Oâ‚†,Carbohidrato,oxidaciأ³n,Câ‚†Hâ‚پâ‚‚Oâ‚† + 6Oâ‚‚ â†’ 6COâ‚‚ + 6Hâ‚‚O | Câ‚†Hâ‚پâ‚‚Oâ‚† â†’ 2Câ‚‚Hâ‚…OH + 2COâ‚‚,Respiraciأ³n celular; fermentaciأ³n alcohأ³lica
Câ‚پâ‚‚Hâ‚‚â‚‚Oâ‚پâ‚پ,Carbohidrato,oxidaciأ³n,Câ‚†Hâ‚پâ‚‚Oâ‚† + 6Oâ‚‚ â†’ 6COâ‚‚ + 6Hâ‚‚O | Câ‚†Hâ‚پâ‚‚Oâ‚† â†’ 2Câ‚‚Hâ‚…OH + 2COâ‚‚,Respiraciأ³n celular; fermentaciأ³n alcohأ³lica
CHâ‚ƒNHâ‚‚,Amina,neutralizaciأ³n,R-NHâ‚‚ + HA â†’ R-NHâ‚ƒâپ؛Aâپ» | Câ‚†Hâ‚…NHâ‚‚ + HNOâ‚‚ â†’ Câ‚†Hâ‚…Nâ‚‚âپ؛ (diazonio),Amina bأ،sica + أ،cido; diazotaciأ³n de arilaminas
Câ‚†Hâ‚…NHâ‚‚,Amina,neutralizaciأ³n,R-NHâ‚‚ + HA â†’ R-NHâ‚ƒâپ؛Aâپ» | Câ‚†Hâ‚…NHâ‚‚ + HNOâ‚‚ â†’ Câ‚†Hâ‚…Nâ‚‚âپ؛ (diazonio),Amina bأ،sica + أ،cido; diazotaciأ³n de arilaminas
Câ‚…Hâ‚‰NOâ‚„,Aminoأ،cido,adiciأ³n-sustituciأ³n,nHâ‚‚N-CHR-COOH â†’ polipأ©ptido + nHâ‚‚O | + ninhidrina â†’ color pأ؛rpura,Policondensaciأ³n (proteأ­nas); detecciأ³n con ninhidrina
Câ‚†Hâ‚پâ‚„Nâ‚‚Oâ‚‚,Aminoأ،cido,adiciأ³n-sustituciأ³n,nHâ‚‚N-CHR-COOH â†’ polipأ©ptido + nHâ‚‚O | + ninhidrina â†’ color pأ؛rpura,Policondensaciأ³n (proteأ­nas); detecciأ³n con ninhidrina
Câ‚پâ‚پHâ‚پâ‚‚Nâ‚‚Oâ‚‚,Aminoأ،cido,adiciأ³n-sustituciأ³n,nHâ‚‚N-CHR-COOH â†’ polipأ©ptido + nHâ‚‚O | + ninhidrina â†’ color pأ؛rpura,Policondensaciأ³n (proteأ­nas); detecciأ³n con ninhidrina
Câ‚پâ‚€Hâ‚پâ‚ƒNâ‚…Oâ‚„,Carbohidrato,oxidaciأ³n,Câ‚†Hâ‚پâ‚‚Oâ‚† + 6Oâ‚‚ â†’ 6COâ‚‚ + 6Hâ‚‚O | Câ‚†Hâ‚پâ‚‚Oâ‚† â†’ 2Câ‚‚Hâ‚…OH + 2COâ‚‚,Respiraciأ³n celular; fermentaciأ³n alcohأ³lica
Câ‚ƒHâ‚„Oâ‚ƒ,Compuesto carbonأ­lico,adiciأ³n-sustituciأ³n,R-CHO + Cu(OH)â‚‚ â†’ Cuâ‚‚Oâ†“ (Fehling) | R-CHO + 2Agâپ؛ â†’ 2Agâ†“ (espejo),"Aldehأ­dos: reductores (Fehling, Tollens)"
Câ‚‚Hâ‚„O,Compuesto carbonأ­lico,adiciأ³n-sustituciأ³n,R-CHO + Cu(OH)â‚‚ â†’ Cuâ‚‚Oâ†“ (Fehling) | R-CHO + 2Agâپ؛ â†’ 2Agâ†“ (espejo),"Aldehأ­dos: reductores (Fehling, Tollens)"
LiHâ‚‚POâ‚„,Fosfato,precipitaciأ³n,Mâ‚ƒPOâ‚„ + CaClâ‚‚ â†’ Caâ‚ƒ(POâ‚„)â‚‚â†“ | Mâ‚ƒPOâ‚„ + 3HA â†’ MA + Hâ‚ƒPOâ‚„,Precipitaciأ³n de fosfato cأ،lcico; neutralizaciأ³n
NaHâ‚‚POâ‚„,Fosfato,precipitaciأ³n,Mâ‚ƒPOâ‚„ + CaClâ‚‚ â†’ Caâ‚ƒ(POâ‚„)â‚‚â†“ | Mâ‚ƒPOâ‚„ + 3HA â†’ MA + Hâ‚ƒPOâ‚„,Precipitaciأ³n de fosfato cأ،lcico; neutralizaciأ³n
Naâ‚‚HPOâ‚„,Fosfato,precipitaciأ³n,Mâ‚ƒPOâ‚„ + CaClâ‚‚ â†’ Caâ‚ƒ(POâ‚„)â‚‚â†“ | Mâ‚ƒPOâ‚„ + 3HA â†’ MA + Hâ‚ƒPOâ‚„,Precipitaciأ³n de fosfato cأ،lcico; neutralizaciأ³n
KHâ‚‚POâ‚„,Fosfato,precipitaciأ³n,Mâ‚ƒPOâ‚„ + CaClâ‚‚ â†’ Caâ‚ƒ(POâ‚„)â‚‚â†“ | Mâ‚ƒPOâ‚„ + 3HA â†’ MA + Hâ‚ƒPOâ‚„,Precipitaciأ³n de fosfato cأ،lcico; neutralizaciأ³n
Kâ‚‚HPOâ‚„,Fosfato,precipitaciأ³n,Mâ‚ƒPOâ‚„ + CaClâ‚‚ â†’ Caâ‚ƒ(POâ‚„)â‚‚â†“ | Mâ‚ƒPOâ‚„ + 3HA â†’ MA + Hâ‚ƒPOâ‚„,Precipitaciأ³n de fosfato cأ،lcico; neutralizaciأ³n
AlPOâ‚„,Fosfato,precipitaciأ³n,Mâ‚ƒPOâ‚„ + CaClâ‚‚ â†’ Caâ‚ƒ(POâ‚„)â‚‚â†“ | Mâ‚ƒPOâ‚„ + 3HA â†’ MA + Hâ‚ƒPOâ‚„,Precipitaciأ³n de fosfato cأ،lcico; neutralizaciأ³n
FePOâ‚„,Fosfato,precipitaciأ³n,Mâ‚ƒPOâ‚„ + CaClâ‚‚ â†’ Caâ‚ƒ(POâ‚„)â‚‚â†“ | Mâ‚ƒPOâ‚„ + 3HA â†’ MA + Hâ‚ƒPOâ‚„,Precipitaciأ³n de fosfato cأ،lcico; neutralizaciأ³n
Feâ‚ƒ(POâ‚„)â‚‚,Fosfato,precipitaciأ³n,Mâ‚ƒPOâ‚„ + CaClâ‚‚ â†’ Caâ‚ƒ(POâ‚„)â‚‚â†“ | Mâ‚ƒPOâ‚„ + 3HA â†’ MA + Hâ‚ƒPOâ‚„,Precipitaciأ³n de fosfato cأ،lcico; neutralizaciأ³n
Znâ‚ƒ(POâ‚„)â‚‚,Fosfato,precipitaciأ³n,Mâ‚ƒPOâ‚„ + CaClâ‚‚ â†’ Caâ‚ƒ(POâ‚„)â‚‚â†“ | Mâ‚ƒPOâ‚„ + 3HA â†’ MA + Hâ‚ƒPOâ‚„,Precipitaciأ³n de fosfato cأ،lcico; neutralizaciأ³n
Cuâ‚ƒ(POâ‚„)â‚‚,Fosfato,precipitaciأ³n,Mâ‚ƒPOâ‚„ + CaClâ‚‚ â†’ Caâ‚ƒ(POâ‚„)â‚‚â†“ | Mâ‚ƒPOâ‚„ + 3HA â†’ MA + Hâ‚ƒPOâ‚„,Precipitaciأ³n de fosfato cأ،lcico; neutralizaciأ³n
Mgâ‚ƒ(POâ‚„)â‚‚,Fosfato,precipitaciأ³n,Mâ‚ƒPOâ‚„ + CaClâ‚‚ â†’ Caâ‚ƒ(POâ‚„)â‚‚â†“ | Mâ‚ƒPOâ‚„ + 3HA â†’ MA + Hâ‚ƒPOâ‚„,Precipitaciأ³n de fosfato cأ،lcico; neutralizaciأ³n
Baâ‚ƒ(POâ‚„)â‚‚,Fosfato,precipitaciأ³n,Mâ‚ƒPOâ‚„ + CaClâ‚‚ â†’ Caâ‚ƒ(POâ‚„)â‚‚â†“ | Mâ‚ƒPOâ‚„ + 3HA â†’ MA + Hâ‚ƒPOâ‚„,Precipitaciأ³n de fosfato cأ،lcico; neutralizaciأ³n
Mnâ‚ƒ(POâ‚„)â‚‚,Fosfato,precipitaciأ³n,Mâ‚ƒPOâ‚„ + CaClâ‚‚ â†’ Caâ‚ƒ(POâ‚„)â‚‚â†“ | Mâ‚ƒPOâ‚„ + 3HA â†’ MA + Hâ‚ƒPOâ‚„,Precipitaciأ³n de fosfato cأ،lcico; neutralizaciأ³n
Pbâ‚ƒ(POâ‚„)â‚‚,Fosfato,precipitaciأ³n,Mâ‚ƒPOâ‚„ + CaClâ‚‚ â†’ Caâ‚ƒ(POâ‚„)â‚‚â†“ | Mâ‚ƒPOâ‚„ + 3HA â†’ MA + Hâ‚ƒPOâ‚„,Precipitaciأ³n de fosfato cأ،lcico; neutralizaciأ³n
Agâ‚ƒPOâ‚„,Fosfato,precipitaciأ³n,Mâ‚ƒPOâ‚„ + CaClâ‚‚ â†’ Caâ‚ƒ(POâ‚„)â‚‚â†“ | Mâ‚ƒPOâ‚„ + 3HA â†’ MA + Hâ‚ƒPOâ‚„,Precipitaciأ³n de fosfato cأ،lcico; neutralizaciأ³n
(NHâ‚„)â‚ƒPOâ‚„,Fosfato,precipitaciأ³n,Mâ‚ƒPOâ‚„ + CaClâ‚‚ â†’ Caâ‚ƒ(POâ‚„)â‚‚â†“ | Mâ‚ƒPOâ‚„ + 3HA â†’ MA + Hâ‚ƒPOâ‚„,Precipitaciأ³n de fosfato cأ،lcico; neutralizaciأ³n
(NHâ‚„)â‚‚HPOâ‚„,Fosfato,precipitaciأ³n,Mâ‚ƒPOâ‚„ + CaClâ‚‚ â†’ Caâ‚ƒ(POâ‚„)â‚‚â†“ | Mâ‚ƒPOâ‚„ + 3HA â†’ MA + Hâ‚ƒPOâ‚„,Precipitaciأ³n de fosfato cأ،lcico; neutralizaciأ³n
NHâ‚„Hâ‚‚POâ‚„,Fosfato,precipitaciأ³n,Mâ‚ƒPOâ‚„ + CaClâ‚‚ â†’ Caâ‚ƒ(POâ‚„)â‚‚â†“ | Mâ‚ƒPOâ‚„ + 3HA â†’ MA + Hâ‚ƒPOâ‚„,Precipitaciأ³n de fosfato cأ،lcico; neutralizaciأ³n
Ca(Hâ‚‚POâ‚„)â‚‚,Fosfato,precipitaciأ³n,Mâ‚ƒPOâ‚„ + CaClâ‚‚ â†’ Caâ‚ƒ(POâ‚„)â‚‚â†“ | Mâ‚ƒPOâ‚„ + 3HA â†’ MA + Hâ‚ƒPOâ‚„,Precipitaciأ³n de fosfato cأ،lcico; neutralizaciأ³n
CaHPOâ‚„,Fosfato,precipitaciأ³n,Mâ‚ƒPOâ‚„ + CaClâ‚‚ â†’ Caâ‚ƒ(POâ‚„)â‚‚â†“ | Mâ‚ƒPOâ‚„ + 3HA â†’ MA + Hâ‚ƒPOâ‚„,Precipitaciأ³n de fosfato cأ،lcico; neutralizaciأ³n
Srâ‚ƒ(POâ‚„)â‚‚,Fosfato,precipitaciأ³n,Mâ‚ƒPOâ‚„ + CaClâ‚‚ â†’ Caâ‚ƒ(POâ‚„)â‚‚â†“ | Mâ‚ƒPOâ‚„ + 3HA â†’ MA + Hâ‚ƒPOâ‚„,Precipitaciأ³n de fosfato cأ،lcico; neutralizaciأ³n
Niâ‚ƒ(POâ‚„)â‚‚,Fosfato,precipitaciأ³n,Mâ‚ƒPOâ‚„ + CaClâ‚‚ â†’ Caâ‚ƒ(POâ‚„)â‚‚â†“ | Mâ‚ƒPOâ‚„ + 3HA â†’ MA + Hâ‚ƒPOâ‚„,Precipitaciأ³n de fosfato cأ،lcico; neutralizaciأ³n
Coâ‚ƒ(POâ‚„)â‚‚,Fosfato,precipitaciأ³n,Mâ‚ƒPOâ‚„ + CaClâ‚‚ â†’ Caâ‚ƒ(POâ‚„)â‚‚â†“ | Mâ‚ƒPOâ‚„ + 3HA â†’ MA + Hâ‚ƒPOâ‚„,Precipitaciأ³n de fosfato cأ،lcico; neutralizaciأ³n
Cr(POâ‚„),Fosfato,precipitaciأ³n,Mâ‚ƒPOâ‚„ + CaClâ‚‚ â†’ Caâ‚ƒ(POâ‚„)â‚‚â†“ | Mâ‚ƒPOâ‚„ + 3HA â†’ MA + Hâ‚ƒPOâ‚„,Precipitaciأ³n de fosfato cأ،lcico; neutralizaciأ³n
Naâ‚ƒPOâ‚ƒ,Fosfito,oxidaciأ³n,Mâ‚ƒPOâ‚ƒ + Hâ‚‚Oâ‚‚ â†’ Mâ‚ƒPOâ‚„ + Hâ‚‚O,Fosfito se oxida a fosfato con agentes oxidantes
Naâ‚‚HPOâ‚ƒ,Fosfito,oxidaciأ³n,Mâ‚ƒPOâ‚ƒ + Hâ‚‚Oâ‚‚ â†’ Mâ‚ƒPOâ‚„ + Hâ‚‚O,Fosfito se oxida a fosfato con agentes oxidantes
NaHâ‚‚POâ‚ƒ,Fosfito,oxidaciأ³n,Mâ‚ƒPOâ‚ƒ + Hâ‚‚Oâ‚‚ â†’ Mâ‚ƒPOâ‚„ + Hâ‚‚O,Fosfito se oxida a fosfato con agentes oxidantes
Kâ‚ƒPOâ‚ƒ,Fosfito,oxidaciأ³n,Mâ‚ƒPOâ‚ƒ + Hâ‚‚Oâ‚‚ â†’ Mâ‚ƒPOâ‚„ + Hâ‚‚O,Fosfito se oxida a fosfato con agentes oxidantes
Kâ‚‚HPOâ‚ƒ,Fosfito,oxidaciأ³n,Mâ‚ƒPOâ‚ƒ + Hâ‚‚Oâ‚‚ â†’ Mâ‚ƒPOâ‚„ + Hâ‚‚O,Fosfito se oxida a fosfato con agentes oxidantes
Caâ‚ƒ(POâ‚ƒ)â‚‚,Fosfito,oxidaciأ³n,Mâ‚ƒPOâ‚ƒ + Hâ‚‚Oâ‚‚ â†’ Mâ‚ƒPOâ‚„ + Hâ‚‚O,Fosfito se oxida a fosfato con agentes oxidantes
Mgâ‚ƒ(POâ‚ƒ)â‚‚,Fosfito,oxidaciأ³n,Mâ‚ƒPOâ‚ƒ + Hâ‚‚Oâ‚‚ â†’ Mâ‚ƒPOâ‚„ + Hâ‚‚O,Fosfito se oxida a fosfato con agentes oxidantes
Feâ‚ƒ(POâ‚ƒ)â‚‚,Fosfito,oxidaciأ³n,Mâ‚ƒPOâ‚ƒ + Hâ‚‚Oâ‚‚ â†’ Mâ‚ƒPOâ‚„ + Hâ‚‚O,Fosfito se oxida a fosfato con agentes oxidantes
Znâ‚ƒ(POâ‚ƒ)â‚‚,Fosfito,oxidaciأ³n,Mâ‚ƒPOâ‚ƒ + Hâ‚‚Oâ‚‚ â†’ Mâ‚ƒPOâ‚„ + Hâ‚‚O,Fosfito se oxida a fosfato con agentes oxidantes
(NHâ‚„)â‚‚HPOâ‚ƒ,Fosfito,oxidaciأ³n,Mâ‚ƒPOâ‚ƒ + Hâ‚‚Oâ‚‚ â†’ Mâ‚ƒPOâ‚„ + Hâ‚‚O,Fosfito se oxida a fosfato con agentes oxidantes
Hâ‚ƒPOâ‚ƒ,أپcido,neutralizaciأ³n,HnA + nMOH â†’ MnA + nHâ‚‚O,أپcido + base â†’ sal + agua (reacciأ³n de neutralizaciأ³n)
Hâ‚ƒPOâ‚‚,أپcido,neutralizaciأ³n,HnA + nMOH â†’ MnA + nHâ‚‚O,أپcido + base â†’ sal + agua (reacciأ³n de neutralizaciأ³n)
HPOâ‚ƒ,أپcido,neutralizaciأ³n,HnA + nMOH â†’ MnA + nHâ‚‚O,أپcido + base â†’ sal + agua (reacciأ³n de neutralizaciأ³n)
Naâ‚‚SOâ‚ƒ,Sulfito,desplazamiento,MSOâ‚ƒ + 2HA â†’ MAâ‚‚ + Hâ‚‚O + SOâ‚‚â†‘,Sulfito + أ،cido â†’ SOâ‚‚ (gas asfixiante)
Kâ‚‚SOâ‚ƒ,Sulfito,desplazamiento,MSOâ‚ƒ + 2HA â†’ MAâ‚‚ + Hâ‚‚O + SOâ‚‚â†‘,Sulfito + أ،cido â†’ SOâ‚‚ (gas asfixiante)
CaSOâ‚ƒ,Sulfito,desplazamiento,MSOâ‚ƒ + 2HA â†’ MAâ‚‚ + Hâ‚‚O + SOâ‚‚â†‘,Sulfito + أ،cido â†’ SOâ‚‚ (gas asfixiante)
MgSOâ‚ƒ,Sulfito,desplazamiento,MSOâ‚ƒ + 2HA â†’ MAâ‚‚ + Hâ‚‚O + SOâ‚‚â†‘,Sulfito + أ،cido â†’ SOâ‚‚ (gas asfixiante)
BaSOâ‚ƒ,Sulfito,desplazamiento,MSOâ‚ƒ + 2HA â†’ MAâ‚‚ + Hâ‚‚O + SOâ‚‚â†‘,Sulfito + أ،cido â†’ SOâ‚‚ (gas asfixiante)
FeSOâ‚ƒ,Sulfito,desplazamiento,MSOâ‚ƒ + 2HA â†’ MAâ‚‚ + Hâ‚‚O + SOâ‚‚â†‘,Sulfito + أ،cido â†’ SOâ‚‚ (gas asfixiante)
ZnSOâ‚ƒ,Sulfito,desplazamiento,MSOâ‚ƒ + 2HA â†’ MAâ‚‚ + Hâ‚‚O + SOâ‚‚â†‘,Sulfito + أ،cido â†’ SOâ‚‚ (gas asfixiante)
CuSOâ‚ƒ,Sulfito,desplazamiento,MSOâ‚ƒ + 2HA â†’ MAâ‚‚ + Hâ‚‚O + SOâ‚‚â†‘,Sulfito + أ،cido â†’ SOâ‚‚ (gas asfixiante)
Alâ‚‚(SOâ‚ƒ)â‚ƒ,Sulfito,desplazamiento,MSOâ‚ƒ + 2HA â†’ MAâ‚‚ + Hâ‚‚O + SOâ‚‚â†‘,Sulfito + أ،cido â†’ SOâ‚‚ (gas asfixiante)
NaHSOâ‚ƒ,Sulfito,desplazamiento,MSOâ‚ƒ + 2HA â†’ MAâ‚‚ + Hâ‚‚O + SOâ‚‚â†‘,Sulfito + أ،cido â†’ SOâ‚‚ (gas asfixiante)
KHSOâ‚ƒ,Sulfito,desplazamiento,MSOâ‚ƒ + 2HA â†’ MAâ‚‚ + Hâ‚‚O + SOâ‚‚â†‘,Sulfito + أ،cido â†’ SOâ‚‚ (gas asfixiante)
Ca(HSOâ‚ƒ)â‚‚,Sulfito,desplazamiento,MSOâ‚ƒ + 2HA â†’ MAâ‚‚ + Hâ‚‚O + SOâ‚‚â†‘,Sulfito + أ،cido â†’ SOâ‚‚ (gas asfixiante)
(NHâ‚„)â‚‚SOâ‚ƒ,Sulfito,desplazamiento,MSOâ‚ƒ + 2HA â†’ MAâ‚‚ + Hâ‚‚O + SOâ‚‚â†‘,Sulfito + أ،cido â†’ SOâ‚‚ (gas asfixiante)
NHâ‚„HSOâ‚ƒ,Sulfito,desplazamiento,MSOâ‚ƒ + 2HA â†’ MAâ‚‚ + Hâ‚‚O + SOâ‚‚â†‘,Sulfito + أ،cido â†’ SOâ‚‚ (gas asfixiante)
Pb(SOâ‚ƒ),Sulfito,desplazamiento,MSOâ‚ƒ + 2HA â†’ MAâ‚‚ + Hâ‚‚O + SOâ‚‚â†‘,Sulfito + أ،cido â†’ SOâ‚‚ (gas asfixiante)
Hâ‚‚SOâ‚ƒ,أپcido,neutralizaciأ³n,HnA + nMOH â†’ MnA + nHâ‚‚O,أپcido + base â†’ sal + agua (reacciأ³n de neutralizaciأ³n)
Liâ‚‚SOâ‚„,Sulfato,precipitaciأ³n,MSOâ‚„ + BaClâ‚‚ â†’ BaSOâ‚„â†“ + MClâ‚‚,Precipitaciأ³n de BaSOâ‚„ (prueba cualitativa de sulfatos)
Rbâ‚‚SOâ‚„,Sulfato,precipitaciأ³n,MSOâ‚„ + BaClâ‚‚ â†’ BaSOâ‚„â†“ + MClâ‚‚,Precipitaciأ³n de BaSOâ‚„ (prueba cualitativa de sulfatos)
Csâ‚‚SOâ‚„,Sulfato,precipitaciأ³n,MSOâ‚„ + BaClâ‚‚ â†’ BaSOâ‚„â†“ + MClâ‚‚,Precipitaciأ³n de BaSOâ‚„ (prueba cualitativa de sulfatos)
BeSOâ‚„,Sulfato,precipitaciأ³n,MSOâ‚„ + BaClâ‚‚ â†’ BaSOâ‚„â†“ + MClâ‚‚,Precipitaciأ³n de BaSOâ‚„ (prueba cualitativa de sulfatos)
SrSOâ‚„,Sulfato,precipitaciأ³n,MSOâ‚„ + BaClâ‚‚ â†’ BaSOâ‚„â†“ + MClâ‚‚,Precipitaciأ³n de BaSOâ‚„ (prueba cualitativa de sulfatos)
NiSOâ‚„,Sulfato,precipitaciأ³n,MSOâ‚„ + BaClâ‚‚ â†’ BaSOâ‚„â†“ + MClâ‚‚,Precipitaciأ³n de BaSOâ‚„ (prueba cualitativa de sulfatos)
CoSOâ‚„,Sulfato,precipitaciأ³n,MSOâ‚„ + BaClâ‚‚ â†’ BaSOâ‚„â†“ + MClâ‚‚,Precipitaciأ³n de BaSOâ‚„ (prueba cualitativa de sulfatos)
MnSOâ‚„,Sulfato,precipitaciأ³n,MSOâ‚„ + BaClâ‚‚ â†’ BaSOâ‚„â†“ + MClâ‚‚,Precipitaciأ³n de BaSOâ‚„ (prueba cualitativa de sulfatos)
Crâ‚‚(SOâ‚„)â‚ƒ,Sulfato,precipitaciأ³n,MSOâ‚„ + BaClâ‚‚ â†’ BaSOâ‚„â†“ + MClâ‚‚,Precipitaciأ³n de BaSOâ‚„ (prueba cualitativa de sulfatos)
Alâ‚‚(SOâ‚„)â‚ƒ,Sulfato,precipitaciأ³n,MSOâ‚„ + BaClâ‚‚ â†’ BaSOâ‚„â†“ + MClâ‚‚,Precipitaciأ³n de BaSOâ‚„ (prueba cualitativa de sulfatos)
Feâ‚‚(SOâ‚„)â‚ƒ,Sulfato,precipitaciأ³n,MSOâ‚„ + BaClâ‚‚ â†’ BaSOâ‚„â†“ + MClâ‚‚,Precipitaciأ³n de BaSOâ‚„ (prueba cualitativa de sulfatos)
FeSOâ‚„,Sulfato,precipitaciأ³n,MSOâ‚„ + BaClâ‚‚ â†’ BaSOâ‚„â†“ + MClâ‚‚,Precipitaciأ³n de BaSOâ‚„ (prueba cualitativa de sulfatos)
CdSOâ‚„,Sulfato,precipitaciأ³n,MSOâ‚„ + BaClâ‚‚ â†’ BaSOâ‚„â†“ + MClâ‚‚,Precipitaciأ³n de BaSOâ‚„ (prueba cualitativa de sulfatos)
PbSOâ‚„,Sulfato,precipitaciأ³n,MSOâ‚„ + BaClâ‚‚ â†’ BaSOâ‚„â†“ + MClâ‚‚,Precipitaciأ³n de BaSOâ‚„ (prueba cualitativa de sulfatos)
HgSOâ‚„,Sulfato,precipitaciأ³n,MSOâ‚„ + BaClâ‚‚ â†’ BaSOâ‚„â†“ + MClâ‚‚,Precipitaciأ³n de BaSOâ‚„ (prueba cualitativa de sulfatos)
TiOSOâ‚„,Sulfato,precipitaciأ³n,MSOâ‚„ + BaClâ‚‚ â†’ BaSOâ‚„â†“ + MClâ‚‚,Precipitaciأ³n de BaSOâ‚„ (prueba cualitativa de sulfatos)
KHSOâ‚„,Sulfato,precipitaciأ³n,MSOâ‚„ + BaClâ‚‚ â†’ BaSOâ‚„â†“ + MClâ‚‚,Precipitaciأ³n de BaSOâ‚„ (prueba cualitativa de sulfatos)
NaHSOâ‚„,Sulfato,precipitaciأ³n,MSOâ‚„ + BaClâ‚‚ â†’ BaSOâ‚„â†“ + MClâ‚‚,Precipitaciأ³n de BaSOâ‚„ (prueba cualitativa de sulfatos)
(NHâ‚„)Fe(SOâ‚„)â‚‚,Sulfato,precipitaciأ³n,MSOâ‚„ + BaClâ‚‚ â†’ BaSOâ‚„â†“ + MClâ‚‚,Precipitaciأ³n de BaSOâ‚„ (prueba cualitativa de sulfatos)
KAl(SOâ‚„)â‚‚,Sulfato,precipitaciأ³n,MSOâ‚„ + BaClâ‚‚ â†’ BaSOâ‚„â†“ + MClâ‚‚,Precipitaciأ³n de BaSOâ‚„ (prueba cualitativa de sulfatos)
LiOH,Base/Hidrأ³xido,precipitaciأ³n,M(OH)â‚‚ + MXâ‚‚ â†’ M'(OH)â‚‚â†“ + MXâ‚‚ | MOH + HA â†’ MA + Hâ‚‚O,Hidrأ³xido precipita metales; neutraliza أ،cidos
RbOH,Base/Hidrأ³xido,precipitaciأ³n,M(OH)â‚‚ + MXâ‚‚ â†’ M'(OH)â‚‚â†“ + MXâ‚‚ | MOH + HA â†’ MA + Hâ‚‚O,Hidrأ³xido precipita metales; neutraliza أ،cidos
CsOH,Base/Hidrأ³xido,precipitaciأ³n,M(OH)â‚‚ + MXâ‚‚ â†’ M'(OH)â‚‚â†“ + MXâ‚‚ | MOH + HA â†’ MA + Hâ‚‚O,Hidrأ³xido precipita metales; neutraliza أ،cidos
Ba(OH)â‚‚,Base/Hidrأ³xido,precipitaciأ³n,M(OH)â‚‚ + MXâ‚‚ â†’ M'(OH)â‚‚â†“ + MXâ‚‚ | MOH + HA â†’ MA + Hâ‚‚O,Hidrأ³xido precipita metales; neutraliza أ،cidos
Sr(OH)â‚‚,Base/Hidrأ³xido,precipitaciأ³n,M(OH)â‚‚ + MXâ‚‚ â†’ M'(OH)â‚‚â†“ + MXâ‚‚ | MOH + HA â†’ MA + Hâ‚‚O,Hidrأ³xido precipita metales; neutraliza أ،cidos
Be(OH)â‚‚,Base/Hidrأ³xido,precipitaciأ³n,M(OH)â‚‚ + MXâ‚‚ â†’ M'(OH)â‚‚â†“ + MXâ‚‚ | MOH + HA â†’ MA + Hâ‚‚O,Hidrأ³xido precipita metales; neutraliza أ،cidos
Ni(OH)â‚‚,Base/Hidrأ³xido,precipitaciأ³n,M(OH)â‚‚ + MXâ‚‚ â†’ M'(OH)â‚‚â†“ + MXâ‚‚ | MOH + HA â†’ MA + Hâ‚‚O,Hidrأ³xido precipita metales; neutraliza أ،cidos
Co(OH)â‚‚,Base/Hidrأ³xido,precipitaciأ³n,M(OH)â‚‚ + MXâ‚‚ â†’ M'(OH)â‚‚â†“ + MXâ‚‚ | MOH + HA â†’ MA + Hâ‚‚O,Hidrأ³xido precipita metales; neutraliza أ،cidos
Co(OH)â‚ƒ,Base/Hidrأ³xido,precipitaciأ³n,M(OH)â‚‚ + MXâ‚‚ â†’ M'(OH)â‚‚â†“ + MXâ‚‚ | MOH + HA â†’ MA + Hâ‚‚O,Hidrأ³xido precipita metales; neutraliza أ،cidos
Mn(OH)â‚‚,Base/Hidrأ³xido,precipitaciأ³n,M(OH)â‚‚ + MXâ‚‚ â†’ M'(OH)â‚‚â†“ + MXâ‚‚ | MOH + HA â†’ MA + Hâ‚‚O,Hidrأ³xido precipita metales; neutraliza أ،cidos
Mn(OH)â‚ƒ,Base/Hidrأ³xido,precipitaciأ³n,M(OH)â‚‚ + MXâ‚‚ â†’ M'(OH)â‚‚â†“ + MXâ‚‚ | MOH + HA â†’ MA + Hâ‚‚O,Hidrأ³xido precipita metales; neutraliza أ،cidos
Cr(OH)â‚‚,Base/Hidrأ³xido,precipitaciأ³n,M(OH)â‚‚ + MXâ‚‚ â†’ M'(OH)â‚‚â†“ + MXâ‚‚ | MOH + HA â†’ MA + Hâ‚‚O,Hidrأ³xido precipita metales; neutraliza أ،cidos
Cr(OH)â‚ƒ,Base/Hidrأ³xido,precipitaciأ³n,M(OH)â‚‚ + MXâ‚‚ â†’ M'(OH)â‚‚â†“ + MXâ‚‚ | MOH + HA â†’ MA + Hâ‚‚O,Hidrأ³xido precipita metales; neutraliza أ،cidos
Ti(OH)â‚„,Base/Hidrأ³xido,precipitaciأ³n,M(OH)â‚‚ + MXâ‚‚ â†’ M'(OH)â‚‚â†“ + MXâ‚‚ | MOH + HA â†’ MA + Hâ‚‚O,Hidrأ³xido precipita metales; neutraliza أ،cidos
Sn(OH)â‚‚,Base/Hidrأ³xido,precipitaciأ³n,M(OH)â‚‚ + MXâ‚‚ â†’ M'(OH)â‚‚â†“ + MXâ‚‚ | MOH + HA â†’ MA + Hâ‚‚O,Hidrأ³xido precipita metales; neutraliza أ،cidos
Sn(OH)â‚„,Base/Hidrأ³xido,precipitaciأ³n,M(OH)â‚‚ + MXâ‚‚ â†’ M'(OH)â‚‚â†“ + MXâ‚‚ | MOH + HA â†’ MA + Hâ‚‚O,Hidrأ³xido precipita metales; neutraliza أ،cidos
Pb(OH)â‚‚,Base/Hidrأ³xido,precipitaciأ³n,M(OH)â‚‚ + MXâ‚‚ â†’ M'(OH)â‚‚â†“ + MXâ‚‚ | MOH + HA â†’ MA + Hâ‚‚O,Hidrأ³xido precipita metales; neutraliza أ،cidos
Bi(OH)â‚ƒ,Base/Hidrأ³xido,precipitaciأ³n,M(OH)â‚‚ + MXâ‚‚ â†’ M'(OH)â‚‚â†“ + MXâ‚‚ | MOH + HA â†’ MA + Hâ‚‚O,Hidrأ³xido precipita metales; neutraliza أ،cidos
Ag(OH),Base/Hidrأ³xido,precipitaciأ³n,M(OH)â‚‚ + MXâ‚‚ â†’ M'(OH)â‚‚â†“ + MXâ‚‚ | MOH + HA â†’ MA + Hâ‚‚O,Hidrأ³xido precipita metales; neutraliza أ،cidos
Au(OH)â‚ƒ,Base/Hidrأ³xido,precipitaciأ³n,M(OH)â‚‚ + MXâ‚‚ â†’ M'(OH)â‚‚â†“ + MXâ‚‚ | MOH + HA â†’ MA + Hâ‚‚O,Hidrأ³xido precipita metales; neutraliza أ،cidos
Hg(OH)â‚‚,Base/Hidrأ³xido,precipitaciأ³n,M(OH)â‚‚ + MXâ‚‚ â†’ M'(OH)â‚‚â†“ + MXâ‚‚ | MOH + HA â†’ MA + Hâ‚‚O,Hidrأ³xido precipita metales; neutraliza أ،cidos
Cd(OH)â‚‚,Base/Hidrأ³xido,precipitaciأ³n,M(OH)â‚‚ + MXâ‚‚ â†’ M'(OH)â‚‚â†“ + MXâ‚‚ | MOH + HA â†’ MA + Hâ‚‚O,Hidrأ³xido precipita metales; neutraliza أ،cidos
Cu(OH),Base/Hidrأ³xido,precipitaciأ³n,M(OH)â‚‚ + MXâ‚‚ â†’ M'(OH)â‚‚â†“ + MXâ‚‚ | MOH + HA â†’ MA + Hâ‚‚O,Hidrأ³xido precipita metales; neutraliza أ،cidos
VO(OH)â‚‚,Base/Hidrأ³xido,precipitaciأ³n,M(OH)â‚‚ + MXâ‚‚ â†’ M'(OH)â‚‚â†“ + MXâ‚‚ | MOH + HA â†’ MA + Hâ‚‚O,Hidrأ³xido precipita metales; neutraliza أ،cidos
In(OH)â‚ƒ,Base/Hidrأ³xido,precipitaciأ³n,M(OH)â‚‚ + MXâ‚‚ â†’ M'(OH)â‚‚â†“ + MXâ‚‚ | MOH + HA â†’ MA + Hâ‚‚O,Hidrأ³xido precipita metales; neutraliza أ،cidos
Ga(OH)â‚ƒ,Base/Hidrأ³xido,precipitaciأ³n,M(OH)â‚‚ + MXâ‚‚ â†’ M'(OH)â‚‚â†“ + MXâ‚‚ | MOH + HA â†’ MA + Hâ‚‚O,Hidrأ³xido precipita metales; neutraliza أ،cidos
La(OH)â‚ƒ,Base/Hidrأ³xido,precipitaciأ³n,M(OH)â‚‚ + MXâ‚‚ â†’ M'(OH)â‚‚â†“ + MXâ‚‚ | MOH + HA â†’ MA + Hâ‚‚O,Hidrأ³xido precipita metales; neutraliza أ،cidos
Ce(OH)â‚ƒ,Base/Hidrأ³xido,precipitaciأ³n,M(OH)â‚‚ + MXâ‚‚ â†’ M'(OH)â‚‚â†“ + MXâ‚‚ | MOH + HA â†’ MA + Hâ‚‚O,Hidrأ³xido precipita metales; neutraliza أ،cidos
Ce(OH)â‚„,Base/Hidrأ³xido,precipitaciأ³n,M(OH)â‚‚ + MXâ‚‚ â†’ M'(OH)â‚‚â†“ + MXâ‚‚ | MOH + HA â†’ MA + Hâ‚‚O,Hidrأ³xido precipita metales; neutraliza أ،cidos
Th(OH)â‚„,Base/Hidrأ³xido,precipitaciأ³n,M(OH)â‚‚ + MXâ‚‚ â†’ M'(OH)â‚‚â†“ + MXâ‚‚ | MOH + HA â†’ MA + Hâ‚‚O,Hidrأ³xido precipita metales; neutraliza أ،cidos
FeOOH,Base/Hidrأ³xido,precipitaciأ³n,M(OH)â‚‚ + MXâ‚‚ â†’ M'(OH)â‚‚â†“ + MXâ‚‚ | MOH + HA â†’ MA + Hâ‚‚O,Hidrأ³xido precipita metales; neutraliza أ،cidos
AlOOH,Base/Hidrأ³xido,precipitaciأ³n,M(OH)â‚‚ + MXâ‚‚ â†’ M'(OH)â‚‚â†“ + MXâ‚‚ | MOH + HA â†’ MA + Hâ‚‚O,Hidrأ³xido precipita metales; neutraliza أ،cidos
MnOOH,Base/Hidrأ³xido,precipitaciأ³n,M(OH)â‚‚ + MXâ‚‚ â†’ M'(OH)â‚‚â†“ + MXâ‚‚ | MOH + HA â†’ MA + Hâ‚‚O,Hidrأ³xido precipita metales; neutraliza أ،cidos
FeO,أ“xido,neutralizaciأ³n,MO + Hâ‚‚O â†’ M(OH)â‚‚ | MO + HCl â†’ MClâ‚‚ + Hâ‚‚O,أ“xido + agua â†’ hidrأ³xido; أ³xido + أ،cido â†’ sal + agua
CuO,أ“xido,neutralizaciأ³n,MO + Hâ‚‚O â†’ M(OH)â‚‚ | MO + HCl â†’ MClâ‚‚ + Hâ‚‚O,أ“xido + agua â†’ hidrأ³xido; أ³xido + أ،cido â†’ sal + agua
Cuâ‚‚O,أ“xido,neutralizaciأ³n,MO + Hâ‚‚O â†’ M(OH)â‚‚ | MO + HCl â†’ MClâ‚‚ + Hâ‚‚O,أ“xido + agua â†’ hidrأ³xido; أ³xido + أ،cido â†’ sal + agua
NiO,أ“xido,neutralizaciأ³n,MO + Hâ‚‚O â†’ M(OH)â‚‚ | MO + HCl â†’ MClâ‚‚ + Hâ‚‚O,أ“xido + agua â†’ hidrأ³xido; أ³xido + أ،cido â†’ sal + agua
CoO,أ“xido,neutralizaciأ³n,MO + Hâ‚‚O â†’ M(OH)â‚‚ | MO + HCl â†’ MClâ‚‚ + Hâ‚‚O,أ“xido + agua â†’ hidrأ³xido; أ³xido + أ،cido â†’ sal + agua
MnO,أ“xido,neutralizaciأ³n,MO + Hâ‚‚O â†’ M(OH)â‚‚ | MO + HCl â†’ MClâ‚‚ + Hâ‚‚O,أ“xido + agua â†’ hidrأ³xido; أ³xido + أ،cido â†’ sal + agua
ZnO,أ“xido,neutralizaciأ³n,MO + Hâ‚‚O â†’ M(OH)â‚‚ | MO + HCl â†’ MClâ‚‚ + Hâ‚‚O,أ“xido + agua â†’ hidrأ³xido; أ³xido + أ،cido â†’ sal + agua
PbO,أ“xido,neutralizaciأ³n,MO + Hâ‚‚O â†’ M(OH)â‚‚ | MO + HCl â†’ MClâ‚‚ + Hâ‚‚O,أ“xido + agua â†’ hidrأ³xido; أ³xido + أ،cido â†’ sal + agua
SnO,أ“xido,neutralizaciأ³n,MO + Hâ‚‚O â†’ M(OH)â‚‚ | MO + HCl â†’ MClâ‚‚ + Hâ‚‚O,أ“xido + agua â†’ hidrأ³xido; أ³xido + أ،cido â†’ sal + agua
HgO,أ“xido,neutralizaciأ³n,MO + Hâ‚‚O â†’ M(OH)â‚‚ | MO + HCl â†’ MClâ‚‚ + Hâ‚‚O,أ“xido + agua â†’ hidrأ³xido; أ³xido + أ،cido â†’ sal + agua
Agâ‚‚O,أ“xido,neutralizaciأ³n,MO + Hâ‚‚O â†’ M(OH)â‚‚ | MO + HCl â†’ MClâ‚‚ + Hâ‚‚O,أ“xido + agua â†’ hidrأ³xido; أ³xido + أ،cido â†’ sal + agua
BaO,أ“xido,neutralizaciأ³n,MO + Hâ‚‚O â†’ M(OH)â‚‚ | MO + HCl â†’ MClâ‚‚ + Hâ‚‚O,أ“xido + agua â†’ hidrأ³xido; أ³xido + أ،cido â†’ sal + agua
SrO,أ“xido,neutralizaciأ³n,MO + Hâ‚‚O â†’ M(OH)â‚‚ | MO + HCl â†’ MClâ‚‚ + Hâ‚‚O,أ“xido + agua â†’ hidrأ³xido; أ³xido + أ،cido â†’ sal + agua
Liâ‚‚O,أ“xido,neutralizaciأ³n,MO + Hâ‚‚O â†’ M(OH)â‚‚ | MO + HCl â†’ MClâ‚‚ + Hâ‚‚O,أ“xido + agua â†’ hidrأ³xido; أ³xido + أ،cido â†’ sal + agua
Kâ‚‚O,أ“xido,neutralizaciأ³n,MO + Hâ‚‚O â†’ M(OH)â‚‚ | MO + HCl â†’ MClâ‚‚ + Hâ‚‚O,أ“xido + agua â†’ hidrأ³xido; أ³xido + أ،cido â†’ sal + agua
Rbâ‚‚O,أ“xido,neutralizaciأ³n,MO + Hâ‚‚O â†’ M(OH)â‚‚ | MO + HCl â†’ MClâ‚‚ + Hâ‚‚O,أ“xido + agua â†’ hidrأ³xido; أ³xido + أ،cido â†’ sal + agua
Csâ‚‚O,أ“xido,neutralizaciأ³n,MO + Hâ‚‚O â†’ M(OH)â‚‚ | MO + HCl â†’ MClâ‚‚ + Hâ‚‚O,أ“xido + agua â†’ hidrأ³xido; أ³xido + أ،cido â†’ sal + agua
CrO,أ“xido,neutralizaciأ³n,MO + Hâ‚‚O â†’ M(OH)â‚‚ | MO + HCl â†’ MClâ‚‚ + Hâ‚‚O,أ“xido + agua â†’ hidrأ³xido; أ³xido + أ،cido â†’ sal + agua
VO,أ“xido,neutralizaciأ³n,MO + Hâ‚‚O â†’ M(OH)â‚‚ | MO + HCl â†’ MClâ‚‚ + Hâ‚‚O,أ“xido + agua â†’ hidrأ³xido; أ³xido + أ،cido â†’ sal + agua
GeO,أ“xido,neutralizaciأ³n,MO + Hâ‚‚O â†’ M(OH)â‚‚ | MO + HCl â†’ MClâ‚‚ + Hâ‚‚O,أ“xido + agua â†’ hidrأ³xido; أ³xido + أ،cido â†’ sal + agua
InO,أ“xido,neutralizaciأ³n,MO + Hâ‚‚O â†’ M(OH)â‚‚ | MO + HCl â†’ MClâ‚‚ + Hâ‚‚O,أ“xido + agua â†’ hidrأ³xido; أ³xido + أ،cido â†’ sal + agua
GaO,أ“xido,neutralizaciأ³n,MO + Hâ‚‚O â†’ M(OH)â‚‚ | MO + HCl â†’ MClâ‚‚ + Hâ‚‚O,أ“xido + agua â†’ hidrأ³xido; أ³xido + أ،cido â†’ sal + agua
TiO,أ“xido,neutralizaciأ³n,MO + Hâ‚‚O â†’ M(OH)â‚‚ | MO + HCl â†’ MClâ‚‚ + Hâ‚‚O,أ“xido + agua â†’ hidrأ³xido; أ³xido + أ،cido â†’ sal + agua
WO,أ“xido,neutralizaciأ³n,MO + Hâ‚‚O â†’ M(OH)â‚‚ | MO + HCl â†’ MClâ‚‚ + Hâ‚‚O,أ“xido + agua â†’ hidrأ³xido; أ³xido + أ،cido â†’ sal + agua
SnOâ‚‚,أ“xido,neutralizaciأ³n,MO + Hâ‚‚O â†’ M(OH)â‚‚ | MO + HCl â†’ MClâ‚‚ + Hâ‚‚O,أ“xido + agua â†’ hidrأ³xido; أ³xido + أ،cido â†’ sal + agua
PbOâ‚‚,أ“xido,neutralizaciأ³n,MO + Hâ‚‚O â†’ M(OH)â‚‚ | MO + HCl â†’ MClâ‚‚ + Hâ‚‚O,أ“xido + agua â†’ hidrأ³xido; أ³xido + أ،cido â†’ sal + agua
MnOâ‚‚,أ“xido,neutralizaciأ³n,MO + Hâ‚‚O â†’ M(OH)â‚‚ | MO + HCl â†’ MClâ‚‚ + Hâ‚‚O,أ“xido + agua â†’ hidrأ³xido; أ³xido + أ،cido â†’ sal + agua
CrOâ‚‚,أ“xido,neutralizaciأ³n,MO + Hâ‚‚O â†’ M(OH)â‚‚ | MO + HCl â†’ MClâ‚‚ + Hâ‚‚O,أ“xido + agua â†’ hidrأ³xido; أ³xido + أ،cido â†’ sal + agua
VOâ‚‚,أ“xido,neutralizaciأ³n,MO + Hâ‚‚O â†’ M(OH)â‚‚ | MO + HCl â†’ MClâ‚‚ + Hâ‚‚O,أ“xido + agua â†’ hidrأ³xido; أ³xido + أ،cido â†’ sal + agua
NbOâ‚‚,أ“xido,neutralizaciأ³n,MO + Hâ‚‚O â†’ M(OH)â‚‚ | MO + HCl â†’ MClâ‚‚ + Hâ‚‚O,أ“xido + agua â†’ hidrأ³xido; أ³xido + أ،cido â†’ sal + agua
RuOâ‚‚,أ“xido,neutralizaciأ³n,MO + Hâ‚‚O â†’ M(OH)â‚‚ | MO + HCl â†’ MClâ‚‚ + Hâ‚‚O,أ“xido + agua â†’ hidrأ³xido; أ³xido + أ،cido â†’ sal + agua
IrOâ‚‚,أ“xido,neutralizaciأ³n,MO + Hâ‚‚O â†’ M(OH)â‚‚ | MO + HCl â†’ MClâ‚‚ + Hâ‚‚O,أ“xido + agua â†’ hidrأ³xido; أ³xido + أ،cido â†’ sal + agua
OsOâ‚„,أ“xido,neutralizaciأ³n,MO + Hâ‚‚O â†’ M(OH)â‚‚ | MO + HCl â†’ MClâ‚‚ + Hâ‚‚O,أ“xido + agua â†’ hidrأ³xido; أ³xido + أ،cido â†’ sal + agua
CeOâ‚‚,أ“xido,neutralizaciأ³n,MO + Hâ‚‚O â†’ M(OH)â‚‚ | MO + HCl â†’ MClâ‚‚ + Hâ‚‚O,أ“xido + agua â†’ hidrأ³xido; أ³xido + أ،cido â†’ sal + agua
ThOâ‚‚,أ“xido,neutralizaciأ³n,MO + Hâ‚‚O â†’ M(OH)â‚‚ | MO + HCl â†’ MClâ‚‚ + Hâ‚‚O,أ“xido + agua â†’ hidrأ³xido; أ³xido + أ،cido â†’ sal + agua
UOâ‚‚,أ“xido,neutralizaciأ³n,MO + Hâ‚‚O â†’ M(OH)â‚‚ | MO + HCl â†’ MClâ‚‚ + Hâ‚‚O,أ“xido + agua â†’ hidrأ³xido; أ³xido + أ،cido â†’ sal + agua
ZrOâ‚‚,أ“xido,neutralizaciأ³n,MO + Hâ‚‚O â†’ M(OH)â‚‚ | MO + HCl â†’ MClâ‚‚ + Hâ‚‚O,أ“xido + agua â†’ hidrأ³xido; أ³xido + أ،cido â†’ sal + agua
HfOâ‚‚,أ“xido,neutralizaciأ³n,MO + Hâ‚‚O â†’ M(OH)â‚‚ | MO + HCl â†’ MClâ‚‚ + Hâ‚‚O,أ“xido + agua â†’ hidrأ³xido; أ³xido + أ،cido â†’ sal + agua
Crâ‚‚Oâ‚ƒ,أ“xido,neutralizaciأ³n,MO + Hâ‚‚O â†’ M(OH)â‚‚ | MO + HCl â†’ MClâ‚‚ + Hâ‚‚O,أ“xido + agua â†’ hidrأ³xido; أ³xido + أ،cido â†’ sal + agua
Mnâ‚‚Oâ‚ƒ,أ“xido,neutralizaciأ³n,MO + Hâ‚‚O â†’ M(OH)â‚‚ | MO + HCl â†’ MClâ‚‚ + Hâ‚‚O,أ“xido + agua â†’ hidrأ³xido; أ³xido + أ،cido â†’ sal + agua
Inâ‚‚Oâ‚ƒ,أ“xido,neutralizaciأ³n,MO + Hâ‚‚O â†’ M(OH)â‚‚ | MO + HCl â†’ MClâ‚‚ + Hâ‚‚O,أ“xido + agua â†’ hidrأ³xido; أ³xido + أ،cido â†’ sal + agua
Gaâ‚‚Oâ‚ƒ,أ“xido,neutralizaciأ³n,MO + Hâ‚‚O â†’ M(OH)â‚‚ | MO + HCl â†’ MClâ‚‚ + Hâ‚‚O,أ“xido + agua â†’ hidrأ³xido; أ³xido + أ،cido â†’ sal + agua
Tlâ‚‚Oâ‚ƒ,أ“xido,neutralizaciأ³n,MO + Hâ‚‚O â†’ M(OH)â‚‚ | MO + HCl â†’ MClâ‚‚ + Hâ‚‚O,أ“xido + agua â†’ hidrأ³xido; أ³xido + أ،cido â†’ sal + agua
Biâ‚‚Oâ‚ƒ,أ“xido,neutralizaciأ³n,MO + Hâ‚‚O â†’ M(OH)â‚‚ | MO + HCl â†’ MClâ‚‚ + Hâ‚‚O,أ“xido + agua â†’ hidrأ³xido; أ³xido + أ،cido â†’ sal + agua
CrOâ‚ƒ,أ“xido,neutralizaciأ³n,MO + Hâ‚‚O â†’ M(OH)â‚‚ | MO + HCl â†’ MClâ‚‚ + Hâ‚‚O,أ“xido + agua â†’ hidrأ³xido; أ³xido + أ،cido â†’ sal + agua
MoOâ‚ƒ,أ“xido,neutralizaciأ³n,MO + Hâ‚‚O â†’ M(OH)â‚‚ | MO + HCl â†’ MClâ‚‚ + Hâ‚‚O,أ“xido + agua â†’ hidrأ³xido; أ³xido + أ،cido â†’ sal + agua
WOâ‚ƒ,أ“xido,neutralizaciأ³n,MO + Hâ‚‚O â†’ M(OH)â‚‚ | MO + HCl â†’ MClâ‚‚ + Hâ‚‚O,أ“xido + agua â†’ hidrأ³xido; أ³xido + أ،cido â†’ sal + agua
Vâ‚‚Oâ‚…,أ“xido,neutralizaciأ³n,MO + Hâ‚‚O â†’ M(OH)â‚‚ | MO + HCl â†’ MClâ‚‚ + Hâ‚‚O,أ“xido + agua â†’ hidrأ³xido; أ³xido + أ،cido â†’ sal + agua
Reâ‚‚Oâ‚‡,أ“xido,neutralizaciأ³n,MO + Hâ‚‚O â†’ M(OH)â‚‚ | MO + HCl â†’ MClâ‚‚ + Hâ‚‚O,أ“xido + agua â†’ hidrأ³xido; أ³xido + أ،cido â†’ sal + agua
Naâ‚‚Oâ‚‚,Perأ³xido,hidrأ³lisis,Mâ‚‚Oâ‚‚ + Hâ‚‚O â†’ 2MOH + آ½Oâ‚‚â†‘,Perأ³xido + agua â†’ base + oxأ­geno (generaciأ³n de Oâ‚‚)
Kâ‚‚Oâ‚‚,Perأ³xido,hidrأ³lisis,Mâ‚‚Oâ‚‚ + Hâ‚‚O â†’ 2MOH + آ½Oâ‚‚â†‘,Perأ³xido + agua â†’ base + oxأ­geno (generaciأ³n de Oâ‚‚)
Liâ‚‚Oâ‚‚,Perأ³xido,hidrأ³lisis,Mâ‚‚Oâ‚‚ + Hâ‚‚O â†’ 2MOH + آ½Oâ‚‚â†‘,Perأ³xido + agua â†’ base + oxأ­geno (generaciأ³n de Oâ‚‚)
BaOâ‚‚,Perأ³xido,hidrأ³lisis,Mâ‚‚Oâ‚‚ + Hâ‚‚O â†’ 2MOH + آ½Oâ‚‚â†‘,Perأ³xido + agua â†’ base + oxأ­geno (generaciأ³n de Oâ‚‚)
CaOâ‚‚,Perأ³xido,hidrأ³lisis,Mâ‚‚Oâ‚‚ + Hâ‚‚O â†’ 2MOH + آ½Oâ‚‚â†‘,Perأ³xido + agua â†’ base + oxأ­geno (generaciأ³n de Oâ‚‚)
MgOâ‚‚,Perأ³xido,hidrأ³lisis,Mâ‚‚Oâ‚‚ + Hâ‚‚O â†’ 2MOH + آ½Oâ‚‚â†‘,Perأ³xido + agua â†’ base + oxأ­geno (generaciأ³n de Oâ‚‚)
SrOâ‚‚,Perأ³xido,hidrأ³lisis,Mâ‚‚Oâ‚‚ + Hâ‚‚O â†’ 2MOH + آ½Oâ‚‚â†‘,Perأ³xido + agua â†’ base + oxأ­geno (generaciأ³n de Oâ‚‚)
ZnOâ‚‚,Perأ³xido,hidrأ³lisis,Mâ‚‚Oâ‚‚ + Hâ‚‚O â†’ 2MOH + آ½Oâ‚‚â†‘,Perأ³xido + agua â†’ base + oxأ­geno (generaciأ³n de Oâ‚‚)
TiOâ‚‚(Oâ‚‚),Perأ³xido,hidrأ³lisis,Mâ‚‚Oâ‚‚ + Hâ‚‚O â†’ 2MOH + آ½Oâ‚‚â†‘,Perأ³xido + agua â†’ base + oxأ­geno (generaciأ³n de Oâ‚‚)
PbOâ‚‚_perox,Perأ³xido,hidrأ³lisis,Mâ‚‚Oâ‚‚ + Hâ‚‚O â†’ 2MOH + آ½Oâ‚‚â†‘,Perأ³xido + agua â†’ base + oxأ­geno (generaciأ³n de Oâ‚‚)
KOâ‚‚,Perأ³xido,hidrأ³lisis,Mâ‚‚Oâ‚‚ + Hâ‚‚O â†’ 2MOH + آ½Oâ‚‚â†‘,Perأ³xido + agua â†’ base + oxأ­geno (generaciأ³n de Oâ‚‚)
NaOâ‚‚,Perأ³xido,hidrأ³lisis,Mâ‚‚Oâ‚‚ + Hâ‚‚O â†’ 2MOH + آ½Oâ‚‚â†‘,Perأ³xido + agua â†’ base + oxأ­geno (generaciأ³n de Oâ‚‚)
RbOâ‚‚,Perأ³xido,hidrأ³lisis,Mâ‚‚Oâ‚‚ + Hâ‚‚O â†’ 2MOH + آ½Oâ‚‚â†‘,Perأ³xido + agua â†’ base + oxأ­geno (generaciأ³n de Oâ‚‚)
CsOâ‚‚,Perأ³xido,hidrأ³lisis,Mâ‚‚Oâ‚‚ + Hâ‚‚O â†’ 2MOH + آ½Oâ‚‚â†‘,Perأ³xido + agua â†’ base + oxأ­geno (generaciأ³n de Oâ‚‚)
Oâ‚ƒ,أ“xido,neutralizaciأ³n,MO + Hâ‚‚O â†’ M(OH)â‚‚ | MO + HCl â†’ MClâ‚‚ + Hâ‚‚O,أ“xido + agua â†’ hidrأ³xido; أ³xido + أ،cido â†’ sal + agua
LiNOâ‚ƒ,Nitrato/Nitrito,descomposiciأ³n,2MNOâ‚ƒ â†’ 2MNOâ‚‚ + Oâ‚‚ (calor) | MNOâ‚ƒ + HA â†’ MA + HNOâ‚ƒ,Nitrato se descompone con calor; con أ،cido â†’ أ،cido nأ­trico
Mg(NOâ‚ƒ)â‚‚,Nitrato/Nitrito,descomposiciأ³n,2MNOâ‚ƒ â†’ 2MNOâ‚‚ + Oâ‚‚ (calor) | MNOâ‚ƒ + HA â†’ MA + HNOâ‚ƒ,Nitrato se descompone con calor; con أ،cido â†’ أ،cido nأ­trico
Al(NOâ‚ƒ)â‚ƒ,Nitrato/Nitrito,descomposiciأ³n,2MNOâ‚ƒ â†’ 2MNOâ‚‚ + Oâ‚‚ (calor) | MNOâ‚ƒ + HA â†’ MA + HNOâ‚ƒ,Nitrato se descompone con calor; con أ،cido â†’ أ،cido nأ­trico
Fe(NOâ‚ƒ)â‚ƒ,Nitrato/Nitrito,descomposiciأ³n,2MNOâ‚ƒ â†’ 2MNOâ‚‚ + Oâ‚‚ (calor) | MNOâ‚ƒ + HA â†’ MA + HNOâ‚ƒ,Nitrato se descompone con calor; con أ،cido â†’ أ،cido nأ­trico
Fe(NOâ‚ƒ)â‚‚,Nitrato/Nitrito,descomposiciأ³n,2MNOâ‚ƒ â†’ 2MNOâ‚‚ + Oâ‚‚ (calor) | MNOâ‚ƒ + HA â†’ MA + HNOâ‚ƒ,Nitrato se descompone con calor; con أ،cido â†’ أ،cido nأ­trico
Cu(NOâ‚ƒ)â‚‚,Nitrato/Nitrito,descomposiciأ³n,2MNOâ‚ƒ â†’ 2MNOâ‚‚ + Oâ‚‚ (calor) | MNOâ‚ƒ + HA â†’ MA + HNOâ‚ƒ,Nitrato se descompone con calor; con أ،cido â†’ أ،cido nأ­trico
Zn(NOâ‚ƒ)â‚‚,Nitrato/Nitrito,descomposiciأ³n,2MNOâ‚ƒ â†’ 2MNOâ‚‚ + Oâ‚‚ (calor) | MNOâ‚ƒ + HA â†’ MA + HNOâ‚ƒ,Nitrato se descompone con calor; con أ،cido â†’ أ،cido nأ­trico
Pb(NOâ‚ƒ)â‚‚,Nitrato/Nitrito,descomposiciأ³n,2MNOâ‚ƒ â†’ 2MNOâ‚‚ + Oâ‚‚ (calor) | MNOâ‚ƒ + HA â†’ MA + HNOâ‚ƒ,Nitrato se descompone con calor; con أ،cido â†’ أ،cido nأ­trico
Mn(NOâ‚ƒ)â‚‚,Nitrato/Nitrito,descomposiciأ³n,2MNOâ‚ƒ â†’ 2MNOâ‚‚ + Oâ‚‚ (calor) | MNOâ‚ƒ + HA â†’ MA + HNOâ‚ƒ,Nitrato se descompone con calor; con أ،cido â†’ أ،cido nأ­trico
Co(NOâ‚ƒ)â‚‚,Nitrato/Nitrito,descomposiciأ³n,2MNOâ‚ƒ â†’ 2MNOâ‚‚ + Oâ‚‚ (calor) | MNOâ‚ƒ + HA â†’ MA + HNOâ‚ƒ,Nitrato se descompone con calor; con أ،cido â†’ أ،cido nأ­trico
Ni(NOâ‚ƒ)â‚‚,Nitrato/Nitrito,descomposiciأ³n,2MNOâ‚ƒ â†’ 2MNOâ‚‚ + Oâ‚‚ (calor) | MNOâ‚ƒ + HA â†’ MA + HNOâ‚ƒ,Nitrato se descompone con calor; con أ،cido â†’ أ،cido nأ­trico
Sr(NOâ‚ƒ)â‚‚,Nitrato/Nitrito,descomposiciأ³n,2MNOâ‚ƒ â†’ 2MNOâ‚‚ + Oâ‚‚ (calor) | MNOâ‚ƒ + HA â†’ MA + HNOâ‚ƒ,Nitrato se descompone con calor; con أ،cido â†’ أ،cido nأ­trico
Ba(NOâ‚ƒ)â‚‚,Nitrato/Nitrito,descomposiciأ³n,2MNOâ‚ƒ â†’ 2MNOâ‚‚ + Oâ‚‚ (calor) | MNOâ‚ƒ + HA â†’ MA + HNOâ‚ƒ,Nitrato se descompone con calor; con أ،cido â†’ أ،cido nأ­trico
Ag(NOâ‚ƒ)â‚‚,Nitrato/Nitrito,descomposiciأ³n,2MNOâ‚ƒ â†’ 2MNOâ‚‚ + Oâ‚‚ (calor) | MNOâ‚ƒ + HA â†’ MA + HNOâ‚ƒ,Nitrato se descompone con calor; con أ،cido â†’ أ،cido nأ­trico
Bi(NOâ‚ƒ)â‚ƒ,Nitrato/Nitrito,descomposiciأ³n,2MNOâ‚ƒ â†’ 2MNOâ‚‚ + Oâ‚‚ (calor) | MNOâ‚ƒ + HA â†’ MA + HNOâ‚ƒ,Nitrato se descompone con calor; con أ،cido â†’ أ،cido nأ­trico
Tl(NOâ‚ƒ),Nitrato/Nitrito,descomposiciأ³n,2MNOâ‚ƒ â†’ 2MNOâ‚‚ + Oâ‚‚ (calor) | MNOâ‚ƒ + HA â†’ MA + HNOâ‚ƒ,Nitrato se descompone con calor; con أ،cido â†’ أ،cido nأ­trico
LiNOâ‚‚,Nitrato/Nitrito,descomposiciأ³n,2MNOâ‚ƒ â†’ 2MNOâ‚‚ + Oâ‚‚ (calor) | MNOâ‚ƒ + HA â†’ MA + HNOâ‚ƒ,Nitrato se descompone con calor; con أ،cido â†’ أ،cido nأ­trico
Mg(NOâ‚‚)â‚‚,Nitrato/Nitrito,descomposiciأ³n,2MNOâ‚ƒ â†’ 2MNOâ‚‚ + Oâ‚‚ (calor) | MNOâ‚ƒ + HA â†’ MA + HNOâ‚ƒ,Nitrato se descompone con calor; con أ،cido â†’ أ،cido nأ­trico
Ca(NOâ‚‚)â‚‚,Nitrato/Nitrito,descomposiciأ³n,2MNOâ‚ƒ â†’ 2MNOâ‚‚ + Oâ‚‚ (calor) | MNOâ‚ƒ + HA â†’ MA + HNOâ‚ƒ,Nitrato se descompone con calor; con أ،cido â†’ أ،cido nأ­trico
Ba(NOâ‚‚)â‚‚,Nitrato/Nitrito,descomposiciأ³n,2MNOâ‚ƒ â†’ 2MNOâ‚‚ + Oâ‚‚ (calor) | MNOâ‚ƒ + HA â†’ MA + HNOâ‚ƒ,Nitrato se descompone con calor; con أ،cido â†’ أ،cido nأ­trico
LiCl,Haluro,precipitaciأ³n,MX + AgNOâ‚ƒ â†’ AgXâ†“ + M(NOâ‚ƒ) | MX + NaOH â†’ M(OH)â†“ + NaX,Haluro + plata â†’ precipitado; con NaOH â†’ hidrأ³xido
LiF,Haluro,precipitaciأ³n,MX + AgNOâ‚ƒ â†’ AgXâ†“ + M(NOâ‚ƒ) | MX + NaOH â†’ M(OH)â†“ + NaX,Haluro + plata â†’ precipitado; con NaOH â†’ hidrأ³xido
LiBr,Haluro,precipitaciأ³n,MX + AgNOâ‚ƒ â†’ AgXâ†“ + M(NOâ‚ƒ) | MX + NaOH â†’ M(OH)â†“ + NaX,Haluro + plata â†’ precipitado; con NaOH â†’ hidrأ³xido
LiI,Haluro,precipitaciأ³n,MX + AgNOâ‚ƒ â†’ AgXâ†“ + M(NOâ‚ƒ) | MX + NaOH â†’ M(OH)â†“ + NaX,Haluro + plata â†’ precipitado; con NaOH â†’ hidrأ³xido
KF,Haluro,precipitaciأ³n,MX + AgNOâ‚ƒ â†’ AgXâ†“ + M(NOâ‚ƒ) | MX + NaOH â†’ M(OH)â†“ + NaX,Haluro + plata â†’ precipitado; con NaOH â†’ hidrأ³xido
KBr,Haluro,precipitaciأ³n,MX + AgNOâ‚ƒ â†’ AgXâ†“ + M(NOâ‚ƒ) | MX + NaOH â†’ M(OH)â†“ + NaX,Haluro + plata â†’ precipitado; con NaOH â†’ hidrأ³xido
KI,Haluro,precipitaciأ³n,MX + AgNOâ‚ƒ â†’ AgXâ†“ + M(NOâ‚ƒ) | MX + NaOH â†’ M(OH)â†“ + NaX,Haluro + plata â†’ precipitado; con NaOH â†’ hidrأ³xido
RbCl,Haluro,precipitaciأ³n,MX + AgNOâ‚ƒ â†’ AgXâ†“ + M(NOâ‚ƒ) | MX + NaOH â†’ M(OH)â†“ + NaX,Haluro + plata â†’ precipitado; con NaOH â†’ hidrأ³xido
CsCl,Haluro,precipitaciأ³n,MX + AgNOâ‚ƒ â†’ AgXâ†“ + M(NOâ‚ƒ) | MX + NaOH â†’ M(OH)â†“ + NaX,Haluro + plata â†’ precipitado; con NaOH â†’ hidrأ³xido
CaFâ‚‚,Haluro,precipitaciأ³n,MX + AgNOâ‚ƒ â†’ AgXâ†“ + M(NOâ‚ƒ) | MX + NaOH â†’ M(OH)â†“ + NaX,Haluro + plata â†’ precipitado; con NaOH â†’ hidrأ³xido
BaFâ‚‚,Haluro,precipitaciأ³n,MX + AgNOâ‚ƒ â†’ AgXâ†“ + M(NOâ‚ƒ) | MX + NaOH â†’ M(OH)â†“ + NaX,Haluro + plata â†’ precipitado; con NaOH â†’ hidrأ³xido
SrClâ‚‚,Haluro,precipitaciأ³n,MX + AgNOâ‚ƒ â†’ AgXâ†“ + M(NOâ‚ƒ) | MX + NaOH â†’ M(OH)â†“ + NaX,Haluro + plata â†’ precipitado; con NaOH â†’ hidrأ³xido
SrBrâ‚‚,Haluro,precipitaciأ³n,MX + AgNOâ‚ƒ â†’ AgXâ†“ + M(NOâ‚ƒ) | MX + NaOH â†’ M(OH)â†“ + NaX,Haluro + plata â†’ precipitado; con NaOH â†’ hidrأ³xido
BaClâ‚‚,Haluro,precipitaciأ³n,MX + AgNOâ‚ƒ â†’ AgXâ†“ + M(NOâ‚ƒ) | MX + NaOH â†’ M(OH)â†“ + NaX,Haluro + plata â†’ precipitado; con NaOH â†’ hidrأ³xido
BaBrâ‚‚,Haluro,precipitaciأ³n,MX + AgNOâ‚ƒ â†’ AgXâ†“ + M(NOâ‚ƒ) | MX + NaOH â†’ M(OH)â†“ + NaX,Haluro + plata â†’ precipitado; con NaOH â†’ hidrأ³xido
SnClâ‚‚,Haluro,precipitaciأ³n,MX + AgNOâ‚ƒ â†’ AgXâ†“ + M(NOâ‚ƒ) | MX + NaOH â†’ M(OH)â†“ + NaX,Haluro + plata â†’ precipitado; con NaOH â†’ hidrأ³xido
SnClâ‚„,Haluro,precipitaciأ³n,MX + AgNOâ‚ƒ â†’ AgXâ†“ + M(NOâ‚ƒ) | MX + NaOH â†’ M(OH)â†“ + NaX,Haluro + plata â†’ precipitado; con NaOH â†’ hidrأ³xido
PbClâ‚‚,Haluro,precipitaciأ³n,MX + AgNOâ‚ƒ â†’ AgXâ†“ + M(NOâ‚ƒ) | MX + NaOH â†’ M(OH)â†“ + NaX,Haluro + plata â†’ precipitado; con NaOH â†’ hidrأ³xido
PbBrâ‚‚,Haluro,precipitaciأ³n,MX + AgNOâ‚ƒ â†’ AgXâ†“ + M(NOâ‚ƒ) | MX + NaOH â†’ M(OH)â†“ + NaX,Haluro + plata â†’ precipitado; con NaOH â†’ hidrأ³xido
MnClâ‚‚,Haluro,precipitaciأ³n,MX + AgNOâ‚ƒ â†’ AgXâ†“ + M(NOâ‚ƒ) | MX + NaOH â†’ M(OH)â†“ + NaX,Haluro + plata â†’ precipitado; con NaOH â†’ hidrأ³xido
CoClâ‚‚,Haluro,precipitaciأ³n,MX + AgNOâ‚ƒ â†’ AgXâ†“ + M(NOâ‚ƒ) | MX + NaOH â†’ M(OH)â†“ + NaX,Haluro + plata â†’ precipitado; con NaOH â†’ hidrأ³xido
NiClâ‚‚,Haluro,precipitaciأ³n,MX + AgNOâ‚ƒ â†’ AgXâ†“ + M(NOâ‚ƒ) | MX + NaOH â†’ M(OH)â†“ + NaX,Haluro + plata â†’ precipitado; con NaOH â†’ hidrأ³xido
CrClâ‚ƒ,Haluro,precipitaciأ³n,MX + AgNOâ‚ƒ â†’ AgXâ†“ + M(NOâ‚ƒ) | MX + NaOH â†’ M(OH)â†“ + NaX,Haluro + plata â†’ precipitado; con NaOH â†’ hidrأ³xido
TiClâ‚„,Haluro,precipitaciأ³n,MX + AgNOâ‚ƒ â†’ AgXâ†“ + M(NOâ‚ƒ) | MX + NaOH â†’ M(OH)â†“ + NaX,Haluro + plata â†’ precipitado; con NaOH â†’ hidrأ³xido
TiClâ‚ƒ,Haluro,precipitaciأ³n,MX + AgNOâ‚ƒ â†’ AgXâ†“ + M(NOâ‚ƒ) | MX + NaOH â†’ M(OH)â†“ + NaX,Haluro + plata â†’ precipitado; con NaOH â†’ hidrأ³xido
VClâ‚ƒ,Haluro,precipitaciأ³n,MX + AgNOâ‚ƒ â†’ AgXâ†“ + M(NOâ‚ƒ) | MX + NaOH â†’ M(OH)â†“ + NaX,Haluro + plata â†’ precipitado; con NaOH â†’ hidrأ³xido
ZrClâ‚„,Haluro,precipitaciأ³n,MX + AgNOâ‚ƒ â†’ AgXâ†“ + M(NOâ‚ƒ) | MX + NaOH â†’ M(OH)â†“ + NaX,Haluro + plata â†’ precipitado; con NaOH â†’ hidrأ³xido
HgClâ‚‚,Haluro,precipitaciأ³n,MX + AgNOâ‚ƒ â†’ AgXâ†“ + M(NOâ‚ƒ) | MX + NaOH â†’ M(OH)â†“ + NaX,Haluro + plata â†’ precipitado; con NaOH â†’ hidrأ³xido
Hgâ‚‚Clâ‚‚,Haluro,precipitaciأ³n,MX + AgNOâ‚ƒ â†’ AgXâ†“ + M(NOâ‚ƒ) | MX + NaOH â†’ M(OH)â†“ + NaX,Haluro + plata â†’ precipitado; con NaOH â†’ hidrأ³xido
AgBr,Haluro,precipitaciأ³n,MX + AgNOâ‚ƒ â†’ AgXâ†“ + M(NOâ‚ƒ) | MX + NaOH â†’ M(OH)â†“ + NaX,Haluro + plata â†’ precipitado; con NaOH â†’ hidrأ³xido
AgI,Haluro,precipitaciأ³n,MX + AgNOâ‚ƒ â†’ AgXâ†“ + M(NOâ‚ƒ) | MX + NaOH â†’ M(OH)â†“ + NaX,Haluro + plata â†’ precipitado; con NaOH â†’ hidrأ³xido
CuCl,Haluro,precipitaciأ³n,MX + AgNOâ‚ƒ â†’ AgXâ†“ + M(NOâ‚ƒ) | MX + NaOH â†’ M(OH)â†“ + NaX,Haluro + plata â†’ precipitado; con NaOH â†’ hidrأ³xido
CuClâ‚‚,Haluro,precipitaciأ³n,MX + AgNOâ‚ƒ â†’ AgXâ†“ + M(NOâ‚ƒ) | MX + NaOH â†’ M(OH)â†“ + NaX,Haluro + plata â†’ precipitado; con NaOH â†’ hidrأ³xido
CuBr,Haluro,precipitaciأ³n,MX + AgNOâ‚ƒ â†’ AgXâ†“ + M(NOâ‚ƒ) | MX + NaOH â†’ M(OH)â†“ + NaX,Haluro + plata â†’ precipitado; con NaOH â†’ hidrأ³xido
AuClâ‚ƒ,Haluro,precipitaciأ³n,MX + AgNOâ‚ƒ â†’ AgXâ†“ + M(NOâ‚ƒ) | MX + NaOH â†’ M(OH)â†“ + NaX,Haluro + plata â†’ precipitado; con NaOH â†’ hidrأ³xido
PtClâ‚„,Haluro,precipitaciأ³n,MX + AgNOâ‚ƒ â†’ AgXâ†“ + M(NOâ‚ƒ) | MX + NaOH â†’ M(OH)â†“ + NaX,Haluro + plata â†’ precipitado; con NaOH â†’ hidrأ³xido
PClâ‚ƒ,Haluro,precipitaciأ³n,MX + AgNOâ‚ƒ â†’ AgXâ†“ + M(NOâ‚ƒ) | MX + NaOH â†’ M(OH)â†“ + NaX,Haluro + plata â†’ precipitado; con NaOH â†’ hidrأ³xido
PClâ‚…,Haluro,precipitaciأ³n,MX + AgNOâ‚ƒ â†’ AgXâ†“ + M(NOâ‚ƒ) | MX + NaOH â†’ M(OH)â†“ + NaX,Haluro + plata â†’ precipitado; con NaOH â†’ hidrأ³xido
SOClâ‚‚,Haluro,precipitaciأ³n,MX + AgNOâ‚ƒ â†’ AgXâ†“ + M(NOâ‚ƒ) | MX + NaOH â†’ M(OH)â†“ + NaX,Haluro + plata â†’ precipitado; con NaOH â†’ hidrأ³xido
NOCl,Haluro,precipitaciأ³n,MX + AgNOâ‚ƒ â†’ AgXâ†“ + M(NOâ‚ƒ) | MX + NaOH â†’ M(OH)â†“ + NaX,Haluro + plata â†’ precipitado; con NaOH â†’ hidrأ³xido
Liâ‚‚COâ‚ƒ,Carbonato,descomposiciأ³n,MCOâ‚ƒ + 2HA â†’ MAâ‚‚ + Hâ‚‚O + COâ‚‚â†‘ | MCOâ‚ƒ â†’ MO + COâ‚‚,Carbonato + أ،cido â†’ efervescencia COâ‚‚; calcinaciأ³n
BaCOâ‚ƒ,Carbonato,descomposiciأ³n,MCOâ‚ƒ + 2HA â†’ MAâ‚‚ + Hâ‚‚O + COâ‚‚â†‘ | MCOâ‚ƒ â†’ MO + COâ‚‚,Carbonato + أ،cido â†’ efervescencia COâ‚‚; calcinaciأ³n
SrCOâ‚ƒ,Carbonato,descomposiciأ³n,MCOâ‚ƒ + 2HA â†’ MAâ‚‚ + Hâ‚‚O + COâ‚‚â†‘ | MCOâ‚ƒ â†’ MO + COâ‚‚,Carbonato + أ،cido â†’ efervescencia COâ‚‚; calcinaciأ³n
FeCOâ‚ƒ,Carbonato,descomposiciأ³n,MCOâ‚ƒ + 2HA â†’ MAâ‚‚ + Hâ‚‚O + COâ‚‚â†‘ | MCOâ‚ƒ â†’ MO + COâ‚‚,Carbonato + أ،cido â†’ efervescencia COâ‚‚; calcinaciأ³n
MnCOâ‚ƒ,Carbonato,descomposiciأ³n,MCOâ‚ƒ + 2HA â†’ MAâ‚‚ + Hâ‚‚O + COâ‚‚â†‘ | MCOâ‚ƒ â†’ MO + COâ‚‚,Carbonato + أ،cido â†’ efervescencia COâ‚‚; calcinaciأ³n
ZnCOâ‚ƒ,Carbonato,descomposiciأ³n,MCOâ‚ƒ + 2HA â†’ MAâ‚‚ + Hâ‚‚O + COâ‚‚â†‘ | MCOâ‚ƒ â†’ MO + COâ‚‚,Carbonato + أ،cido â†’ efervescencia COâ‚‚; calcinaciأ³n
CuCOâ‚ƒ,Carbonato,descomposiciأ³n,MCOâ‚ƒ + 2HA â†’ MAâ‚‚ + Hâ‚‚O + COâ‚‚â†‘ | MCOâ‚ƒ â†’ MO + COâ‚‚,Carbonato + أ،cido â†’ efervescencia COâ‚‚; calcinaciأ³n
PbCOâ‚ƒ,Carbonato,descomposiciأ³n,MCOâ‚ƒ + 2HA â†’ MAâ‚‚ + Hâ‚‚O + COâ‚‚â†‘ | MCOâ‚ƒ â†’ MO + COâ‚‚,Carbonato + أ،cido â†’ efervescencia COâ‚‚; calcinaciأ³n
NiCOâ‚ƒ,Carbonato,descomposiciأ³n,MCOâ‚ƒ + 2HA â†’ MAâ‚‚ + Hâ‚‚O + COâ‚‚â†‘ | MCOâ‚ƒ â†’ MO + COâ‚‚,Carbonato + أ،cido â†’ efervescencia COâ‚‚; calcinaciأ³n
CoCOâ‚ƒ,Carbonato,descomposiciأ³n,MCOâ‚ƒ + 2HA â†’ MAâ‚‚ + Hâ‚‚O + COâ‚‚â†‘ | MCOâ‚ƒ â†’ MO + COâ‚‚,Carbonato + أ،cido â†’ efervescencia COâ‚‚; calcinaciأ³n
Agâ‚‚COâ‚ƒ,Carbonato,descomposiciأ³n,MCOâ‚ƒ + 2HA â†’ MAâ‚‚ + Hâ‚‚O + COâ‚‚â†‘ | MCOâ‚ƒ â†’ MO + COâ‚‚,Carbonato + أ،cido â†’ efervescencia COâ‚‚; calcinaciأ³n
CdCOâ‚ƒ,Carbonato,descomposiciأ³n,MCOâ‚ƒ + 2HA â†’ MAâ‚‚ + Hâ‚‚O + COâ‚‚â†‘ | MCOâ‚ƒ â†’ MO + COâ‚‚,Carbonato + أ،cido â†’ efervescencia COâ‚‚; calcinaciأ³n
Csâ‚‚COâ‚ƒ,Carbonato,descomposiciأ³n,MCOâ‚ƒ + 2HA â†’ MAâ‚‚ + Hâ‚‚O + COâ‚‚â†‘ | MCOâ‚ƒ â†’ MO + COâ‚‚,Carbonato + أ،cido â†’ efervescencia COâ‚‚; calcinaciأ³n
Rbâ‚‚COâ‚ƒ,Carbonato,descomposiciأ³n,MCOâ‚ƒ + 2HA â†’ MAâ‚‚ + Hâ‚‚O + COâ‚‚â†‘ | MCOâ‚ƒ â†’ MO + COâ‚‚,Carbonato + أ،cido â†’ efervescencia COâ‚‚; calcinaciأ³n
KHCOâ‚ƒ,Carbonato,descomposiciأ³n,MCOâ‚ƒ + 2HA â†’ MAâ‚‚ + Hâ‚‚O + COâ‚‚â†‘ | MCOâ‚ƒ â†’ MO + COâ‚‚,Carbonato + أ،cido â†’ efervescencia COâ‚‚; calcinaciأ³n
Ca(HCOâ‚ƒ)â‚‚,Carbonato,descomposiciأ³n,MCOâ‚ƒ + 2HA â†’ MAâ‚‚ + Hâ‚‚O + COâ‚‚â†‘ | MCOâ‚ƒ â†’ MO + COâ‚‚,Carbonato + أ،cido â†’ efervescencia COâ‚‚; calcinaciأ³n
Mg(HCOâ‚ƒ)â‚‚,Carbonato,descomposiciأ³n,MCOâ‚ƒ + 2HA â†’ MAâ‚‚ + Hâ‚‚O + COâ‚‚â†‘ | MCOâ‚ƒ â†’ MO + COâ‚‚,Carbonato + أ،cido â†’ efervescencia COâ‚‚; calcinaciأ³n
NHâ‚„HCOâ‚ƒ,Carbonato,descomposiciأ³n,MCOâ‚ƒ + 2HA â†’ MAâ‚‚ + Hâ‚‚O + COâ‚‚â†‘ | MCOâ‚ƒ â†’ MO + COâ‚‚,Carbonato + أ،cido â†’ efervescencia COâ‚‚; calcinaciأ³n
(NHâ‚„)â‚‚COâ‚ƒ,Carbonato,descomposiciأ³n,MCOâ‚ƒ + 2HA â†’ MAâ‚‚ + Hâ‚‚O + COâ‚‚â†‘ | MCOâ‚ƒ â†’ MO + COâ‚‚,Carbonato + أ،cido â†’ efervescencia COâ‚‚; calcinaciأ³n
Feâ‚‚(COâ‚ƒ)â‚ƒ,Carbonato,descomposiciأ³n,MCOâ‚ƒ + 2HA â†’ MAâ‚‚ + Hâ‚‚O + COâ‚‚â†‘ | MCOâ‚ƒ â†’ MO + COâ‚‚,Carbonato + أ،cido â†’ efervescencia COâ‚‚; calcinaciأ³n
HClO,أپcido,neutralizaciأ³n,HnA + nMOH â†’ MnA + nHâ‚‚O,أپcido + base â†’ sal + agua (reacciأ³n de neutralizaciأ³n)
HClOâ‚‚,أپcido,neutralizaciأ³n,HnA + nMOH â†’ MnA + nHâ‚‚O,أپcido + base â†’ sal + agua (reacciأ³n de neutralizaciأ³n)
HClOâ‚ƒ,أپcido,neutralizaciأ³n,HnA + nMOH â†’ MnA + nHâ‚‚O,أپcido + base â†’ sal + agua (reacciأ³n de neutralizaciأ³n)
HBrO,أپcido,neutralizaciأ³n,HnA + nMOH â†’ MnA + nHâ‚‚O,أپcido + base â†’ sal + agua (reacciأ³n de neutralizaciأ³n)
HBrOâ‚ƒ,أپcido,neutralizaciأ³n,HnA + nMOH â†’ MnA + nHâ‚‚O,أپcido + base â†’ sal + agua (reacciأ³n de neutralizaciأ³n)
HIOâ‚ƒ,أپcido,neutralizaciأ³n,HnA + nMOH â†’ MnA + nHâ‚‚O,أپcido + base â†’ sal + agua (reacciأ³n de neutralizaciأ³n)
HIOâ‚„,أپcido,neutralizaciأ³n,HnA + nMOH â†’ MnA + nHâ‚‚O,أپcido + base â†’ sal + agua (reacciأ³n de neutralizaciأ³n)
Hâ‚‚CrOâ‚„,أپcido,neutralizaciأ³n,HnA + nMOH â†’ MnA + nHâ‚‚O,أپcido + base â†’ sal + agua (reacciأ³n de neutralizaciأ³n)
Hâ‚‚Crâ‚‚Oâ‚‡,أپcido,neutralizaciأ³n,HnA + nMOH â†’ MnA + nHâ‚‚O,أپcido + base â†’ sal + agua (reacciأ³n de neutralizaciأ³n)
Hâ‚‚MoOâ‚„,أپcido,neutralizaciأ³n,HnA + nMOH â†’ MnA + nHâ‚‚O,أپcido + base â†’ sal + agua (reacciأ³n de neutralizaciأ³n)
Hâ‚‚WOâ‚„,أپcido,neutralizaciأ³n,HnA + nMOH â†’ MnA + nHâ‚‚O,أپcido + base â†’ sal + agua (reacciأ³n de neutralizaciأ³n)
Hâ‚‚SeOâ‚„,أپcido,neutralizaciأ³n,HnA + nMOH â†’ MnA + nHâ‚‚O,أپcido + base â†’ sal + agua (reacciأ³n de neutralizaciأ³n)
Hâ‚‚SeOâ‚ƒ,أپcido,neutralizaciأ³n,HnA + nMOH â†’ MnA + nHâ‚‚O,أپcido + base â†’ sal + agua (reacciأ³n de neutralizaciأ³n)
Hâ‚‚TeOâ‚„,أپcido,neutralizaciأ³n,HnA + nMOH â†’ MnA + nHâ‚‚O,أپcido + base â†’ sal + agua (reacciأ³n de neutralizaciأ³n)
Hâ‚ƒAsOâ‚„,أپcido,neutralizaciأ³n,HnA + nMOH â†’ MnA + nHâ‚‚O,أپcido + base â†’ sal + agua (reacciأ³n de neutralizaciأ³n)
Hâ‚ƒAsOâ‚ƒ,أپcido,neutralizaciأ³n,HnA + nMOH â†’ MnA + nHâ‚‚O,أپcido + base â†’ sal + agua (reacciأ³n de neutralizaciأ³n)
Hâ‚‚SiOâ‚ƒ,أپcido,neutralizaciأ³n,HnA + nMOH â†’ MnA + nHâ‚‚O,أپcido + base â†’ sal + agua (reacciأ³n de neutralizaciأ³n)
Hâ‚„SiOâ‚„,أپcido,neutralizaciأ³n,HnA + nMOH â†’ MnA + nHâ‚‚O,أپcido + base â†’ sal + agua (reacciأ³n de neutralizaciأ³n)
HBOâ‚‚,أپcido,neutralizaciأ³n,HnA + nMOH â†’ MnA + nHâ‚‚O,أپcido + base â†’ sal + agua (reacciأ³n de neutralizaciأ³n)
Hâ‚‚Bâ‚„Oâ‚‡,أپcido,neutralizaciأ³n,HnA + nMOH â†’ MnA + nHâ‚‚O,أپcido + base â†’ sal + agua (reacciأ³n de neutralizaciأ³n)
HNOâ‚‚,أپcido,neutralizaciأ³n,HnA + nMOH â†’ MnA + nHâ‚‚O,أپcido + base â†’ sal + agua (reacciأ³n de neutralizaciأ³n)
HCOOH,أپcido,neutralizaciأ³n,HnA + nMOH â†’ MnA + nHâ‚‚O,أپcido + base â†’ sal + agua (reacciأ³n de neutralizaciأ³n)
Câ‚‚Hâ‚‚Oâ‚„,أپcido,neutralizaciأ³n,HnA + nMOH â†’ MnA + nHâ‚‚O,أپcido + base â†’ sal + agua (reacciأ³n de neutralizaciأ³n)
Câ‚„Hâ‚†Oâ‚…,أپcido,neutralizaciأ³n,HnA + nMOH â†’ MnA + nHâ‚‚O,أپcido + base â†’ sal + agua (reacciأ³n de neutralizaciأ³n)
Câ‚†Hâ‚ˆOâ‚‡,أپcido,neutralizaciأ³n,HnA + nMOH â†’ MnA + nHâ‚‚O,أپcido + base â†’ sal + agua (reacciأ³n de neutralizaciأ³n)
Câ‚„Hâ‚†Oâ‚†,أپcido,neutralizaciأ³n,HnA + nMOH â†’ MnA + nHâ‚‚O,أپcido + base â†’ sal + agua (reacciأ³n de neutralizaciأ³n)
Câ‚ƒHâ‚†Oâ‚ƒ,أپcido,neutralizaciأ³n,HnA + nMOH â†’ MnA + nHâ‚‚O,أپcido + base â†’ sal + agua (reacciأ³n de neutralizaciأ³n)
NaCl O,Haluro,precipitaciأ³n,MX + AgNOâ‚ƒ â†’ AgXâ†“ + M(NOâ‚ƒ) | MX + NaOH â†’ M(OH)â†“ + NaX,Haluro + plata â†’ precipitado; con NaOH â†’ hidrأ³xido
KClO,Haluro,precipitaciأ³n,MX + AgNOâ‚ƒ â†’ AgXâ†“ + M(NOâ‚ƒ) | MX + NaOH â†’ M(OH)â†“ + NaX,Haluro + plata â†’ precipitado; con NaOH â†’ hidrأ³xido
Ca(ClO)â‚‚,Haluro,precipitaciأ³n,MX + AgNOâ‚ƒ â†’ AgXâ†“ + M(NOâ‚ƒ) | MX + NaOH â†’ M(OH)â†“ + NaX,Haluro + plata â†’ precipitado; con NaOH â†’ hidrأ³xido
NaClOâ‚‚,Haluro,precipitaciأ³n,MX + AgNOâ‚ƒ â†’ AgXâ†“ + M(NOâ‚ƒ) | MX + NaOH â†’ M(OH)â†“ + NaX,Haluro + plata â†’ precipitado; con NaOH â†’ hidrأ³xido
NaClOâ‚ƒ,Haluro,precipitaciأ³n,MX + AgNOâ‚ƒ â†’ AgXâ†“ + M(NOâ‚ƒ) | MX + NaOH â†’ M(OH)â†“ + NaX,Haluro + plata â†’ precipitado; con NaOH â†’ hidrأ³xido
KClOâ‚ƒ,Haluro,precipitaciأ³n,MX + AgNOâ‚ƒ â†’ AgXâ†“ + M(NOâ‚ƒ) | MX + NaOH â†’ M(OH)â†“ + NaX,Haluro + plata â†’ precipitado; con NaOH â†’ hidrأ³xido
KClOâ‚„,Haluro,precipitaciأ³n,MX + AgNOâ‚ƒ â†’ AgXâ†“ + M(NOâ‚ƒ) | MX + NaOH â†’ M(OH)â†“ + NaX,Haluro + plata â†’ precipitado; con NaOH â†’ hidrأ³xido
NHâ‚„ClOâ‚„,Haluro,precipitaciأ³n,MX + AgNOâ‚ƒ â†’ AgXâ†“ + M(NOâ‚ƒ) | MX + NaOH â†’ M(OH)â†“ + NaX,Haluro + plata â†’ precipitado; con NaOH â†’ hidrأ³xido
NaBrOâ‚ƒ,Haluro,precipitaciأ³n,MX + AgNOâ‚ƒ â†’ AgXâ†“ + M(NOâ‚ƒ) | MX + NaOH â†’ M(OH)â†“ + NaX,Haluro + plata â†’ precipitado; con NaOH â†’ hidrأ³xido
KBrOâ‚ƒ,Haluro,precipitaciأ³n,MX + AgNOâ‚ƒ â†’ AgXâ†“ + M(NOâ‚ƒ) | MX + NaOH â†’ M(OH)â†“ + NaX,Haluro + plata â†’ precipitado; con NaOH â†’ hidrأ³xido
KIOâ‚ƒ,Haluro,precipitaciأ³n,MX + AgNOâ‚ƒ â†’ AgXâ†“ + M(NOâ‚ƒ) | MX + NaOH â†’ M(OH)â†“ + NaX,Haluro + plata â†’ precipitado; con NaOH â†’ hidrأ³xido
NaIOâ‚ƒ,Haluro,precipitaciأ³n,MX + AgNOâ‚ƒ â†’ AgXâ†“ + M(NOâ‚ƒ) | MX + NaOH â†’ M(OH)â†“ + NaX,Haluro + plata â†’ precipitado; con NaOH â†’ hidrأ³xido
KIOâ‚„,Haluro,precipitaciأ³n,MX + AgNOâ‚ƒ â†’ AgXâ†“ + M(NOâ‚ƒ) | MX + NaOH â†’ M(OH)â†“ + NaX,Haluro + plata â†’ precipitado; con NaOH â†’ hidrأ³xido
Kâ‚‚CrOâ‚„,Cromato/Dicromato,oxidaciأ³n-reducciأ³n,Crâ‚‚Oâ‚‡آ²âپ» + 6eâپ» + 14Hâپ؛ â†’ 2Crآ³âپ؛ + 7Hâ‚‚O,Dicromato: oxidante fuerte; cromatoâ‡Œdicromato segأ؛n pH
Naâ‚‚CrOâ‚„,Cromato/Dicromato,oxidaciأ³n-reducciأ³n,Crâ‚‚Oâ‚‡آ²âپ» + 6eâپ» + 14Hâپ؛ â†’ 2Crآ³âپ؛ + 7Hâ‚‚O,Dicromato: oxidante fuerte; cromatoâ‡Œdicromato segأ؛n pH
BaCrOâ‚„,Cromato/Dicromato,oxidaciأ³n-reducciأ³n,Crâ‚‚Oâ‚‡آ²âپ» + 6eâپ» + 14Hâپ؛ â†’ 2Crآ³âپ؛ + 7Hâ‚‚O,Dicromato: oxidante fuerte; cromatoâ‡Œdicromato segأ؛n pH
PbCrOâ‚„,Cromato/Dicromato,oxidaciأ³n-reducciأ³n,Crâ‚‚Oâ‚‡آ²âپ» + 6eâپ» + 14Hâپ؛ â†’ 2Crآ³âپ؛ + 7Hâ‚‚O,Dicromato: oxidante fuerte; cromatoâ‡Œdicromato segأ؛n pH
Agâ‚‚CrOâ‚„,Cromato/Dicromato,oxidaciأ³n-reducciأ³n,Crâ‚‚Oâ‚‡آ²âپ» + 6eâپ» + 14Hâپ؛ â†’ 2Crآ³âپ؛ + 7Hâ‚‚O,Dicromato: oxidante fuerte; cromatoâ‡Œdicromato segأ؛n pH
Kâ‚‚Crâ‚‚Oâ‚‡,Cromato/Dicromato,oxidaciأ³n-reducciأ³n,Crâ‚‚Oâ‚‡آ²âپ» + 6eâپ» + 14Hâپ؛ â†’ 2Crآ³âپ؛ + 7Hâ‚‚O,Dicromato: oxidante fuerte; cromatoâ‡Œdicromato segأ؛n pH
Naâ‚‚Crâ‚‚Oâ‚‡,Cromato/Dicromato,oxidaciأ³n-reducciأ³n,Crâ‚‚Oâ‚‡آ²âپ» + 6eâپ» + 14Hâپ؛ â†’ 2Crآ³âپ؛ + 7Hâ‚‚O,Dicromato: oxidante fuerte; cromatoâ‡Œdicromato segأ؛n pH
(NHâ‚„)â‚‚Crâ‚‚Oâ‚‡,Cromato/Dicromato,oxidaciأ³n-reducciأ³n,Crâ‚‚Oâ‚‡آ²âپ» + 6eâپ» + 14Hâپ؛ â†’ 2Crآ³âپ؛ + 7Hâ‚‚O,Dicromato: oxidante fuerte; cromatoâ‡Œdicromato segأ؛n pH
KMnOâ‚„,Permanganato,oxidaciأ³n-reducciأ³n,MnOâ‚„âپ» + 5eâپ» + 8Hâپ؛ â†’ Mnآ²âپ؛ + 4Hâ‚‚O (أ،cido),Permanganato: oxidante muy fuerte (titulaciones redox)
NaMnOâ‚„,Permanganato,oxidaciأ³n-reducciأ³n,MnOâ‚„âپ» + 5eâپ» + 8Hâپ؛ â†’ Mnآ²âپ؛ + 4Hâ‚‚O (أ،cido),Permanganato: oxidante muy fuerte (titulaciones redox)
Ca(MnOâ‚„)â‚‚,Permanganato,oxidaciأ³n-reducciأ³n,MnOâ‚„âپ» + 5eâپ» + 8Hâپ؛ â†’ Mnآ²âپ؛ + 4Hâ‚‚O (أ،cido),Permanganato: oxidante muy fuerte (titulaciones redox)
Ba(MnOâ‚„)â‚‚,Permanganato,oxidaciأ³n-reducciأ³n,MnOâ‚„âپ» + 5eâپ» + 8Hâپ؛ â†’ Mnآ²âپ؛ + 4Hâ‚‚O (أ،cido),Permanganato: oxidante muy fuerte (titulaciones redox)
Ag MnOâ‚„,Permanganato,oxidaciأ³n-reducciأ³n,MnOâ‚„âپ» + 5eâپ» + 8Hâپ؛ â†’ Mnآ²âپ؛ + 4Hâ‚‚O (أ،cido),Permanganato: oxidante muy fuerte (titulaciones redox)
CHâ‚ƒCOONa,Acetato,desplazamiento,CHâ‚ƒCOOM + HA â†’ MA + CHâ‚ƒCOOH,Acetato + أ،cido fuerte â†’ أ،cido acأ©tico (vinagre)
CHâ‚ƒCOOK,Acetato,desplazamiento,CHâ‚ƒCOOM + HA â†’ MA + CHâ‚ƒCOOH,Acetato + أ،cido fuerte â†’ أ،cido acأ©tico (vinagre)
(CHâ‚ƒCOO)â‚‚Ca,Acetato,desplazamiento,CHâ‚ƒCOOM + HA â†’ MA + CHâ‚ƒCOOH,Acetato + أ،cido fuerte â†’ أ،cido acأ©tico (vinagre)
(CHâ‚ƒCOO)â‚‚Mg,Acetato,desplazamiento,CHâ‚ƒCOOM + HA â†’ MA + CHâ‚ƒCOOH,Acetato + أ،cido fuerte â†’ أ،cido acأ©tico (vinagre)
(CHâ‚ƒCOO)â‚‚Pb,Acetato,desplazamiento,CHâ‚ƒCOOM + HA â†’ MA + CHâ‚ƒCOOH,Acetato + أ،cido fuerte â†’ أ،cido acأ©tico (vinagre)
CHâ‚ƒCOOAg,Acetato,desplazamiento,CHâ‚ƒCOOM + HA â†’ MA + CHâ‚ƒCOOH,Acetato + أ،cido fuerte â†’ أ،cido acأ©tico (vinagre)
(CHâ‚ƒCOO)â‚‚Cu,Acetato,desplazamiento,CHâ‚ƒCOOM + HA â†’ MA + CHâ‚ƒCOOH,Acetato + أ،cido fuerte â†’ أ،cido acأ©tico (vinagre)
(CHâ‚ƒCOO)â‚‚Zn,Acetato,desplazamiento,CHâ‚ƒCOOM + HA â†’ MA + CHâ‚ƒCOOH,Acetato + أ،cido fuerte â†’ أ،cido acأ©tico (vinagre)
(COOH)â‚‚,أپcido,neutralizaciأ³n,HnA + nMOH â†’ MnA + nHâ‚‚O,أپcido + base â†’ sal + agua (reacciأ³n de neutralizaciأ³n)
Naâ‚‚Câ‚‚Oâ‚„,Oxalato,oxidaciأ³n-reducciأ³n,Câ‚‚Oâ‚„آ²âپ» + MnOâ‚„âپ» + Hâپ؛ â†’ COâ‚‚ + Mnآ²âپ؛ (permanganometrأ­a),Oxalato reduce permanganato (valoraciأ³n)
Kâ‚‚Câ‚‚Oâ‚„,Oxalato,oxidaciأ³n-reducciأ³n,Câ‚‚Oâ‚„آ²âپ» + MnOâ‚„âپ» + Hâپ؛ â†’ COâ‚‚ + Mnآ²âپ؛ (permanganometrأ­a),Oxalato reduce permanganato (valoraciأ³n)
CaCâ‚‚Oâ‚„,Oxalato,oxidaciأ³n-reducciأ³n,Câ‚‚Oâ‚„آ²âپ» + MnOâ‚„âپ» + Hâپ؛ â†’ COâ‚‚ + Mnآ²âپ؛ (permanganometrأ­a),Oxalato reduce permanganato (valoraciأ³n)
FeCâ‚‚Oâ‚„,Oxalato,oxidaciأ³n-reducciأ³n,Câ‚‚Oâ‚„آ²âپ» + MnOâ‚„âپ» + Hâپ؛ â†’ COâ‚‚ + Mnآ²âپ؛ (permanganometrأ­a),Oxalato reduce permanganato (valoraciأ³n)
(COOAg)â‚‚,Oxalato,oxidaciأ³n-reducciأ³n,Câ‚‚Oâ‚„آ²âپ» + MnOâ‚„âپ» + Hâپ؛ â†’ COâ‚‚ + Mnآ²âپ؛ (permanganometrأ­a),Oxalato reduce permanganato (valoraciأ³n)
Kâ‚‚SiOâ‚ƒ,Silicato,precipitaciأ³n,MSiOâ‚ƒ + 2HA â†’ MAâ‚‚ + Hâ‚‚SiOâ‚ƒâ†“ (gel),Silicato + أ،cido â†’ أ،cido silأ­cico (gel)
CaSiOâ‚ƒ,Silicato,precipitaciأ³n,MSiOâ‚ƒ + 2HA â†’ MAâ‚‚ + Hâ‚‚SiOâ‚ƒâ†“ (gel),Silicato + أ،cido â†’ أ،cido silأ­cico (gel)
MgSiOâ‚ƒ,Silicato,precipitaciأ³n,MSiOâ‚ƒ + 2HA â†’ MAâ‚‚ + Hâ‚‚SiOâ‚ƒâ†“ (gel),Silicato + أ،cido â†’ أ،cido silأ­cico (gel)
Alâ‚‚Siâ‚‚Oâ‚‡,Silicato,precipitaciأ³n,MSiOâ‚ƒ + 2HA â†’ MAâ‚‚ + Hâ‚‚SiOâ‚ƒâ†“ (gel),Silicato + أ،cido â†’ أ،cido silأ­cico (gel)
Naâ‚‚Bâ‚„Oâ‚‡,Borato,neutralizaciأ³n,Naâ‚‚Bâ‚„Oâ‚‡ + 2HCl + 5Hâ‚‚O â†’ 4Hâ‚ƒBOâ‚ƒ + 2NaCl,Bأ³rax + أ،cido â†’ أ،cido bأ³rico
Hâ‚ƒBOâ‚ƒ_borax,Borato,neutralizaciأ³n,Naâ‚‚Bâ‚„Oâ‚‡ + 2HCl + 5Hâ‚‚O â†’ 4Hâ‚ƒBOâ‚ƒ + 2NaCl,Bأ³rax + أ،cido â†’ أ،cido bأ³rico
CaBâ‚‚Oâ‚„,Borato,neutralizaciأ³n,Naâ‚‚Bâ‚„Oâ‚‡ + 2HCl + 5Hâ‚‚O â†’ 4Hâ‚ƒBOâ‚ƒ + 2NaCl,Bأ³rax + أ،cido â†’ أ،cido bأ³rico
MgBâ‚‚Oâ‚„,Borato,neutralizaciأ³n,Naâ‚‚Bâ‚„Oâ‚‡ + 2HCl + 5Hâ‚‚O â†’ 4Hâ‚ƒBOâ‚ƒ + 2NaCl,Bأ³rax + أ،cido â†’ أ،cido bأ³rico
Naâ‚‚Sâ‚‚Oâ‚ƒ,Tiosulfato,oxidaciأ³n-reducciأ³n,2Sâ‚‚Oâ‚ƒآ²âپ» + Iâ‚‚ â†’ Sâ‚„Oâ‚†آ²âپ» + 2Iâپ» (yodometrأ­a),Tiosulfato reduce yodo (titulaciأ³n yodomأ©trica)
Kâ‚‚Sâ‚‚Oâ‚ƒ,Tiosulfato,oxidaciأ³n-reducciأ³n,2Sâ‚‚Oâ‚ƒآ²âپ» + Iâ‚‚ â†’ Sâ‚„Oâ‚†آ²âپ» + 2Iâپ» (yodometrأ­a),Tiosulfato reduce yodo (titulaciأ³n yodomأ©trica)
Naâ‚‚Sâ‚‚Oâ‚…,Sulfito,desplazamiento,MSOâ‚ƒ + 2HA â†’ MAâ‚‚ + Hâ‚‚O + SOâ‚‚â†‘,Sulfito + أ،cido â†’ SOâ‚‚ (gas asfixiante)
Kâ‚‚Sâ‚‚Oâ‚…,Sulfito,desplazamiento,MSOâ‚ƒ + 2HA â†’ MAâ‚‚ + Hâ‚‚O + SOâ‚‚â†‘,Sulfito + أ،cido â†’ SOâ‚‚ (gas asfixiante)
Naâ‚‚Sâ‚‚Oâ‚ˆ,Sulfato,precipitaciأ³n,MSOâ‚„ + BaClâ‚‚ â†’ BaSOâ‚„â†“ + MClâ‚‚,Precipitaciأ³n de BaSOâ‚„ (prueba cualitativa de sulfatos)
Kâ‚‚Sâ‚‚Oâ‚ˆ,Sulfato,precipitaciأ³n,MSOâ‚„ + BaClâ‚‚ â†’ BaSOâ‚„â†“ + MClâ‚‚,Precipitaciأ³n de BaSOâ‚„ (prueba cualitativa de sulfatos)
(NHâ‚„)â‚‚Sâ‚‚Oâ‚ˆ,Sulfato,precipitaciأ³n,MSOâ‚„ + BaClâ‚‚ â†’ BaSOâ‚„â†“ + MClâ‚‚,Precipitaciأ³n de BaSOâ‚„ (prueba cualitativa de sulfatos)
NaCN,Cianuro,desplazamiento,MCN + HA â†’ MA + HCNâ†‘ (آ،GAS LETAL!),Cianuro + أ،cido â†’ HCN (extremadamente tأ³xico)
KCN,Cianuro,desplazamiento,MCN + HA â†’ MA + HCNâ†‘ (آ،GAS LETAL!),Cianuro + أ،cido â†’ HCN (extremadamente tأ³xico)
HCN,أپcido,neutralizaciأ³n,HnA + nMOH â†’ MnA + nHâ‚‚O,أپcido + base â†’ sal + agua (reacciأ³n de neutralizaciأ³n)
AgCN,Cianuro,desplazamiento,MCN + HA â†’ MA + HCNâ†‘ (آ،GAS LETAL!),Cianuro + أ،cido â†’ HCN (extremadamente tأ³xico)
Feâ‚„[Fe(CN)â‚†]â‚ƒ,Cianuro,desplazamiento,MCN + HA â†’ MA + HCNâ†‘ (آ،GAS LETAL!),Cianuro + أ،cido â†’ HCN (extremadamente tأ³xico)
NaH,Hidruro,hidrأ³lisis,MH + Hâ‚‚O â†’ MOH + Hâ‚‚â†‘,Hidruro activo + agua â†’ base + hidrأ³geno gas
LiH,Hidruro,hidrأ³lisis,MH + Hâ‚‚O â†’ MOH + Hâ‚‚â†‘,Hidruro activo + agua â†’ base + hidrأ³geno gas
CaHâ‚‚,Hidruro,hidrأ³lisis,MH + Hâ‚‚O â†’ MOH + Hâ‚‚â†‘,Hidruro activo + agua â†’ base + hidrأ³geno gas
LiAlHâ‚„,Hidruro,hidrأ³lisis,MH + Hâ‚‚O â†’ MOH + Hâ‚‚â†‘,Hidruro activo + agua â†’ base + hidrأ³geno gas
NaBHâ‚„,Hidruro,hidrأ³lisis,MH + Hâ‚‚O â†’ MOH + Hâ‚‚â†‘,Hidruro activo + agua â†’ base + hidrأ³geno gas
MgHâ‚‚,Hidruro,hidrأ³lisis,MH + Hâ‚‚O â†’ MOH + Hâ‚‚â†‘,Hidruro activo + agua â†’ base + hidrأ³geno gas
TiHâ‚‚,Hidruro,hidrأ³lisis,MH + Hâ‚‚O â†’ MOH + Hâ‚‚â†‘,Hidruro activo + agua â†’ base + hidrأ³geno gas
PdHâ‚€آ·â‚†,Hidruro,hidrأ³lisis,MH + Hâ‚‚O â†’ MOH + Hâ‚‚â†‘,Hidruro activo + agua â†’ base + hidrأ³geno gas
KH,Hidruro,hidrأ³lisis,MH + Hâ‚‚O â†’ MOH + Hâ‚‚â†‘,Hidruro activo + agua â†’ base + hidrأ³geno gas
BaHâ‚‚,Hidruro,hidrأ³lisis,MH + Hâ‚‚O â†’ MOH + Hâ‚‚â†‘,Hidruro activo + agua â†’ base + hidrأ³geno gas
Asâ‚‚Sâ‚ƒ,Sulfuro,desplazamiento,MS + 2HA â†’ MAâ‚‚ + Hâ‚‚Sâ†‘,Sulfuro + أ،cido â†’ Hâ‚‚S (gas tأ³xico caracterأ­stico)
Asâ‚‚Sâ‚…,Sulfuro,desplazamiento,MS + 2HA â†’ MAâ‚‚ + Hâ‚‚Sâ†‘,Sulfuro + أ،cido â†’ Hâ‚‚S (gas tأ³xico caracterأ­stico)
Sbâ‚‚Sâ‚ƒ,Sulfuro,desplazamiento,MS + 2HA â†’ MAâ‚‚ + Hâ‚‚Sâ†‘,Sulfuro + أ،cido â†’ Hâ‚‚S (gas tأ³xico caracterأ­stico)
Biâ‚‚Sâ‚ƒ,Sulfuro,desplazamiento,MS + 2HA â†’ MAâ‚‚ + Hâ‚‚Sâ†‘,Sulfuro + أ،cido â†’ Hâ‚‚S (gas tأ³xico caracterأ­stico)
Inâ‚‚Sâ‚ƒ,Sulfuro,desplazamiento,MS + 2HA â†’ MAâ‚‚ + Hâ‚‚Sâ†‘,Sulfuro + أ،cido â†’ Hâ‚‚S (gas tأ³xico caracterأ­stico)
SnS,Sulfuro,desplazamiento,MS + 2HA â†’ MAâ‚‚ + Hâ‚‚Sâ†‘,Sulfuro + أ،cido â†’ Hâ‚‚S (gas tأ³xico caracterأ­stico)
SnSâ‚‚,Sulfuro,desplazamiento,MS + 2HA â†’ MAâ‚‚ + Hâ‚‚Sâ†‘,Sulfuro + أ،cido â†’ Hâ‚‚S (gas tأ³xico caracterأ­stico)
MoSâ‚‚,Sulfuro,desplazamiento,MS + 2HA â†’ MAâ‚‚ + Hâ‚‚Sâ†‘,Sulfuro + أ،cido â†’ Hâ‚‚S (gas tأ³xico caracterأ­stico)
WSâ‚‚,Sulfuro,desplazamiento,MS + 2HA â†’ MAâ‚‚ + Hâ‚‚Sâ†‘,Sulfuro + أ،cido â†’ Hâ‚‚S (gas tأ³xico caracterأ­stico)
Agâ‚‚S,Sulfuro,desplazamiento,MS + 2HA â†’ MAâ‚‚ + Hâ‚‚Sâ†‘,Sulfuro + أ،cido â†’ Hâ‚‚S (gas tأ³xico caracterأ­stico)
HgS,Sulfuro,desplazamiento,MS + 2HA â†’ MAâ‚‚ + Hâ‚‚Sâ†‘,Sulfuro + أ،cido â†’ Hâ‚‚S (gas tأ³xico caracterأ­stico)
CoS,Sulfuro,desplazamiento,MS + 2HA â†’ MAâ‚‚ + Hâ‚‚Sâ†‘,Sulfuro + أ،cido â†’ Hâ‚‚S (gas tأ³xico caracterأ­stico)
NiS,Sulfuro,desplazamiento,MS + 2HA â†’ MAâ‚‚ + Hâ‚‚Sâ†‘,Sulfuro + أ،cido â†’ Hâ‚‚S (gas tأ³xico caracterأ­stico)
CuFeSâ‚‚,Sulfuro,desplazamiento,MS + 2HA â†’ MAâ‚‚ + Hâ‚‚Sâ†‘,Sulfuro + أ،cido â†’ Hâ‚‚S (gas tأ³xico caracterأ­stico)
Naâ‚‚Sâ‚„,Sulfuro,desplazamiento,MS + 2HA â†’ MAâ‚‚ + Hâ‚‚Sâ†‘,Sulfuro + أ،cido â†’ Hâ‚‚S (gas tأ³xico caracterأ­stico)
CaS,Sulfuro,desplazamiento,MS + 2HA â†’ MAâ‚‚ + Hâ‚‚Sâ†‘,Sulfuro + أ،cido â†’ Hâ‚‚S (gas tأ³xico caracterأ­stico)
BaS,Sulfuro,desplazamiento,MS + 2HA â†’ MAâ‚‚ + Hâ‚‚Sâ†‘,Sulfuro + أ،cido â†’ Hâ‚‚S (gas tأ³xico caracterأ­stico)
MnS,Sulfuro,desplazamiento,MS + 2HA â†’ MAâ‚‚ + Hâ‚‚Sâ†‘,Sulfuro + أ،cido â†’ Hâ‚‚S (gas tأ³xico caracterأ­stico)
NiSâ‚‚,Sulfuro,desplazamiento,MS + 2HA â†’ MAâ‚‚ + Hâ‚‚Sâ†‘,Sulfuro + أ،cido â†’ Hâ‚‚S (gas tأ³xico caracterأ­stico)
TiSâ‚‚,Sulfuro,desplazamiento,MS + 2HA â†’ MAâ‚‚ + Hâ‚‚Sâ†‘,Sulfuro + أ،cido â†’ Hâ‚‚S (gas tأ³xico caracterأ­stico)
Câ‚…Hâ‚پâ‚€Oâ‚…,Carbohidrato,oxidaciأ³n,Câ‚†Hâ‚پâ‚‚Oâ‚† + 6Oâ‚‚ â†’ 6COâ‚‚ + 6Hâ‚‚O | Câ‚†Hâ‚پâ‚‚Oâ‚† â†’ 2Câ‚‚Hâ‚…OH + 2COâ‚‚,Respiraciأ³n celular; fermentaciأ³n alcohأ³lica
Câ‚…Hâ‚پâ‚€Oâ‚„,Carbohidrato,oxidaciأ³n,Câ‚†Hâ‚پâ‚‚Oâ‚† + 6Oâ‚‚ â†’ 6COâ‚‚ + 6Hâ‚‚O | Câ‚†Hâ‚پâ‚‚Oâ‚† â†’ 2Câ‚‚Hâ‚…OH + 2COâ‚‚,Respiraciأ³n celular; fermentaciأ³n alcohأ³lica
Câ‚†Hâ‚پâ‚‚Oâ‚†_man,Carbohidrato,oxidaciأ³n,Câ‚†Hâ‚پâ‚‚Oâ‚† + 6Oâ‚‚ â†’ 6COâ‚‚ + 6Hâ‚‚O | Câ‚†Hâ‚پâ‚‚Oâ‚† â†’ 2Câ‚‚Hâ‚…OH + 2COâ‚‚,Respiraciأ³n celular; fermentaciأ³n alcohأ³lica
Câ‚پâ‚‚Hâ‚‚â‚‚Oâ‚پâ‚پ_lac,Carbohidrato,oxidaciأ³n,Câ‚†Hâ‚پâ‚‚Oâ‚† + 6Oâ‚‚ â†’ 6COâ‚‚ + 6Hâ‚‚O | Câ‚†Hâ‚پâ‚‚Oâ‚† â†’ 2Câ‚‚Hâ‚…OH + 2COâ‚‚,Respiraciأ³n celular; fermentaciأ³n alcohأ³lica
Câ‚پâ‚‚Hâ‚‚â‚‚Oâ‚پâ‚پ_cel,Carbohidrato,oxidaciأ³n,Câ‚†Hâ‚پâ‚‚Oâ‚† + 6Oâ‚‚ â†’ 6COâ‚‚ + 6Hâ‚‚O | Câ‚†Hâ‚پâ‚‚Oâ‚† â†’ 2Câ‚‚Hâ‚…OH + 2COâ‚‚,Respiraciأ³n celular; fermentaciأ³n alcohأ³lica
Câ‚†Hâ‚پâ‚‚Oâ‚†_sor,Carbohidrato,oxidaciأ³n,Câ‚†Hâ‚پâ‚‚Oâ‚† + 6Oâ‚‚ â†’ 6COâ‚‚ + 6Hâ‚‚O | Câ‚†Hâ‚پâ‚‚Oâ‚† â†’ 2Câ‚‚Hâ‚…OH + 2COâ‚‚,Respiraciأ³n celular; fermentaciأ³n alcohأ³lica
Câ‚…Hâ‚پâ‚‚Oâ‚…,Carbohidrato,oxidaciأ³n,Câ‚†Hâ‚پâ‚‚Oâ‚† + 6Oâ‚‚ â†’ 6COâ‚‚ + 6Hâ‚‚O | Câ‚†Hâ‚پâ‚‚Oâ‚† â†’ 2Câ‚‚Hâ‚…OH + 2COâ‚‚,Respiraciأ³n celular; fermentaciأ³n alcohأ³lica
Câ‚پâ‚‚Hâ‚‚â‚‚Oâ‚پâ‚پ_tre,Carbohidrato,oxidaciأ³n,Câ‚†Hâ‚پâ‚‚Oâ‚† + 6Oâ‚‚ â†’ 6COâ‚‚ + 6Hâ‚‚O | Câ‚†Hâ‚پâ‚‚Oâ‚† â†’ 2Câ‚‚Hâ‚…OH + 2COâ‚‚,Respiraciأ³n celular; fermentaciأ³n alcohأ³lica
Câ‚†Hâ‚پâ‚‚Oâ‚†_inos,Carbohidrato,oxidaciأ³n,Câ‚†Hâ‚پâ‚‚Oâ‚† + 6Oâ‚‚ â†’ 6COâ‚‚ + 6Hâ‚‚O | Câ‚†Hâ‚پâ‚‚Oâ‚† â†’ 2Câ‚‚Hâ‚…OH + 2COâ‚‚,Respiraciأ³n celular; fermentaciأ³n alcohأ³lica
Câ‚„Hâ‚‡NOâ‚„,Aminoأ،cido,adiciأ³n-sustituciأ³n,nHâ‚‚N-CHR-COOH â†’ polipأ©ptido + nHâ‚‚O | + ninhidrina â†’ color pأ؛rpura,Policondensaciأ³n (proteأ­nas); detecciأ³n con ninhidrina
Câ‚…Hâ‚‰NOâ‚„_glu,Aminoأ،cido,adiciأ³n-sustituciأ³n,nHâ‚‚N-CHR-COOH â†’ polipأ©ptido + nHâ‚‚O | + ninhidrina â†’ color pأ؛rpura,Policondensaciأ³n (proteأ­nas); detecciأ³n con ninhidrina
Câ‚„Hâ‚ˆNâ‚‚Oâ‚ƒ,Aminoأ،cido,adiciأ³n-sustituciأ³n,nHâ‚‚N-CHR-COOH â†’ polipأ©ptido + nHâ‚‚O | + ninhidrina â†’ color pأ؛rpura,Policondensaciأ³n (proteأ­nas); detecciأ³n con ninhidrina
Câ‚…Hâ‚پâ‚€Nâ‚‚Oâ‚ƒ,Aminoأ،cido,adiciأ³n-sustituciأ³n,nHâ‚‚N-CHR-COOH â†’ polipأ©ptido + nHâ‚‚O | + ninhidrina â†’ color pأ؛rpura,Policondensaciأ³n (proteأ­nas); detecciأ³n con ninhidrina
Câ‚ƒHâ‚‡NOâ‚‚S,Aminoأ،cido,adiciأ³n-sustituciأ³n,nHâ‚‚N-CHR-COOH â†’ polipأ©ptido + nHâ‚‚O | + ninhidrina â†’ color pأ؛rpura,Policondensaciأ³n (proteأ­nas); detecciأ³n con ninhidrina
Câ‚…Hâ‚پâ‚پNOâ‚‚,Aminoأ،cido,adiciأ³n-sustituciأ³n,nHâ‚‚N-CHR-COOH â†’ polipأ©ptido + nHâ‚‚O | + ninhidrina â†’ color pأ؛rpura,Policondensaciأ³n (proteأ­nas); detecciأ³n con ninhidrina
Câ‚†Hâ‚پâ‚ƒNOâ‚‚,Aminoأ،cido,adiciأ³n-sustituciأ³n,nHâ‚‚N-CHR-COOH â†’ polipأ©ptido + nHâ‚‚O | + ninhidrina â†’ color pأ؛rpura,Policondensaciأ³n (proteأ­nas); detecciأ³n con ninhidrina
Câ‚†Hâ‚پâ‚ƒNOâ‚‚_ile,Aminoأ،cido,adiciأ³n-sustituciأ³n,nHâ‚‚N-CHR-COOH â†’ polipأ©ptido + nHâ‚‚O | + ninhidrina â†’ color pأ؛rpura,Policondensaciأ³n (proteأ­nas); detecciأ³n con ninhidrina
Câ‚‰Hâ‚پâ‚پNOâ‚ƒ,Aminoأ،cido,adiciأ³n-sustituciأ³n,nHâ‚‚N-CHR-COOH â†’ polipأ©ptido + nHâ‚‚O | + ninhidrina â†’ color pأ؛rpura,Policondensaciأ³n (proteأ­nas); detecciأ³n con ninhidrina
Câ‚‰Hâ‚پâ‚پNOâ‚‚,Aminoأ،cido,adiciأ³n-sustituciأ³n,nHâ‚‚N-CHR-COOH â†’ polipأ©ptido + nHâ‚‚O | + ninhidrina â†’ color pأ؛rpura,Policondensaciأ³n (proteأ­nas); detecciأ³n con ninhidrina
Câ‚…Hâ‚پâ‚پNOâ‚‚_pro,Aminoأ،cido,adiciأ³n-sustituciأ³n,nHâ‚‚N-CHR-COOH â†’ polipأ©ptido + nHâ‚‚O | + ninhidrina â†’ color pأ؛rpura,Policondensaciأ³n (proteأ­nas); detecciأ³n con ninhidrina
Câ‚„Hâ‚‰NOâ‚‚,Aminoأ،cido,adiciأ³n-sustituciأ³n,nHâ‚‚N-CHR-COOH â†’ polipأ©ptido + nHâ‚‚O | + ninhidrina â†’ color pأ؛rpura,Policondensaciأ³n (proteأ­nas); detecciأ³n con ninhidrina
Câ‚…Hâ‚پâ‚پNOâ‚‚S,Aminoأ،cido,adiciأ³n-sustituciأ³n,nHâ‚‚N-CHR-COOH â†’ polipأ©ptido + nHâ‚‚O | + ninhidrina â†’ color pأ؛rpura,Policondensaciأ³n (proteأ­nas); detecciأ³n con ninhidrina
Câ‚†Hâ‚پâ‚„Nâ‚„Oâ‚‚,Aminoأ،cido,adiciأ³n-sustituciأ³n,nHâ‚‚N-CHR-COOH â†’ polipأ©ptido + nHâ‚‚O | + ninhidrina â†’ color pأ؛rpura,Policondensaciأ³n (proteأ­nas); detecciأ³n con ninhidrina
Câ‚†Hâ‚‰Nâ‚ƒOâ‚‚,Aminoأ،cido,adiciأ³n-sustituciأ³n,nHâ‚‚N-CHR-COOH â†’ polipأ©ptido + nHâ‚‚O | + ninhidrina â†’ color pأ؛rpura,Policondensaciأ³n (proteأ­nas); detecciأ³n con ninhidrina
Câ‚‚Hâ‚…NOâ‚‚,Aminoأ،cido,adiciأ³n-sustituciأ³n,nHâ‚‚N-CHR-COOH â†’ polipأ©ptido + nHâ‚‚O | + ninhidrina â†’ color pأ؛rpura,Policondensaciأ³n (proteأ­nas); detecciأ³n con ninhidrina
Câ‚„Hâ‚‡NOâ‚‚,Amina,neutralizaciأ³n,R-NHâ‚‚ + HA â†’ R-NHâ‚ƒâپ؛Aâپ» | Câ‚†Hâ‚…NHâ‚‚ + HNOâ‚‚ â†’ Câ‚†Hâ‚…Nâ‚‚âپ؛ (diazonio),Amina bأ،sica + أ،cido; diazotaciأ³n de arilaminas
Câ‚‰Hâ‚‚â‚€,Alcano,combustiأ³n,Câ‚™Hâ‚‚â‚™â‚ٹâ‚‚ + Oâ‚‚ â†’ COâ‚‚ + Hâ‚‚O | Câ‚™Hâ‚‚â‚™â‚ٹâ‚‚ + Xâ‚‚ â†’ Câ‚™Hâ‚‚â‚™â‚ٹâ‚پX + HX,Combustiأ³n completa; halogenaciأ³n radical
Câ‚پâ‚€Hâ‚‚â‚‚,Alcano,combustiأ³n,Câ‚™Hâ‚‚â‚™â‚ٹâ‚‚ + Oâ‚‚ â†’ COâ‚‚ + Hâ‚‚O | Câ‚™Hâ‚‚â‚™â‚ٹâ‚‚ + Xâ‚‚ â†’ Câ‚™Hâ‚‚â‚™â‚ٹâ‚پX + HX,Combustiأ³n completa; halogenaciأ³n radical
Câ‚پâ‚‚Hâ‚‚â‚†,Alcano,combustiأ³n,Câ‚™Hâ‚‚â‚™â‚ٹâ‚‚ + Oâ‚‚ â†’ COâ‚‚ + Hâ‚‚O | Câ‚™Hâ‚‚â‚™â‚ٹâ‚‚ + Xâ‚‚ â†’ Câ‚™Hâ‚‚â‚™â‚ٹâ‚پX + HX,Combustiأ³n completa; halogenaciأ³n radical
Câ‚پâ‚†Hâ‚ƒâ‚„,Alcano,combustiأ³n,Câ‚™Hâ‚‚â‚™â‚ٹâ‚‚ + Oâ‚‚ â†’ COâ‚‚ + Hâ‚‚O | Câ‚™Hâ‚‚â‚™â‚ٹâ‚‚ + Xâ‚‚ â†’ Câ‚™Hâ‚‚â‚™â‚ٹâ‚پX + HX,Combustiأ³n completa; halogenaciأ³n radical
Câ‚‚Hâ‚†,Alcano,combustiأ³n,Câ‚™Hâ‚‚â‚™â‚ٹâ‚‚ + Oâ‚‚ â†’ COâ‚‚ + Hâ‚‚O | Câ‚™Hâ‚‚â‚™â‚ٹâ‚‚ + Xâ‚‚ â†’ Câ‚™Hâ‚‚â‚™â‚ٹâ‚پX + HX,Combustiأ³n completa; halogenaciأ³n radical
Câ‚…Hâ‚پâ‚€,Alcano,combustiأ³n,Câ‚™Hâ‚‚â‚™â‚ٹâ‚‚ + Oâ‚‚ â†’ COâ‚‚ + Hâ‚‚O | Câ‚™Hâ‚‚â‚™â‚ٹâ‚‚ + Xâ‚‚ â†’ Câ‚™Hâ‚‚â‚™â‚ٹâ‚پX + HX,Combustiأ³n completa; halogenaciأ³n radical
Câ‚†Hâ‚پâ‚‚,Alcano,combustiأ³n,Câ‚™Hâ‚‚â‚™â‚ٹâ‚‚ + Oâ‚‚ â†’ COâ‚‚ + Hâ‚‚O | Câ‚™Hâ‚‚â‚™â‚ٹâ‚‚ + Xâ‚‚ â†’ Câ‚™Hâ‚‚â‚™â‚ٹâ‚پX + HX,Combustiأ³n completa; halogenaciأ³n radical
Câ‚„Hâ‚ˆ,Alqueno/Alquino,adiciأ³n-sustituciأ³n,C=C + Brâ‚‚ â†’ CBr-CBr | C=C + Hâ‚‚O â†’ C-OH | nC=C â†’ polأ­mero,"Adiciأ³n electrofأ­lica, hidrataciأ³n, polimerizaciأ³n"
Câ‚…Hâ‚ˆ,Alqueno/Alquino,adiciأ³n-sustituciأ³n,C=C + Brâ‚‚ â†’ CBr-CBr | C=C + Hâ‚‚O â†’ C-OH | nC=C â†’ polأ­mero,"Adiciأ³n electrofأ­lica, hidrataciأ³n, polimerizaciأ³n"
Câ‚†Hâ‚پâ‚€,Alqueno/Alquino,adiciأ³n-sustituciأ³n,C=C + Brâ‚‚ â†’ CBr-CBr | C=C + Hâ‚‚O â†’ C-OH | nC=C â†’ polأ­mero,"Adiciأ³n electrofأ­lica, hidrataciأ³n, polimerizaciأ³n"
Câ‚ƒHâ‚„,Alqueno/Alquino,adiciأ³n-sustituciأ³n,C=C + Brâ‚‚ â†’ CBr-CBr | C=C + Hâ‚‚O â†’ C-OH | nC=C â†’ polأ­mero,"Adiciأ³n electrofأ­lica, hidrataciأ³n, polimerizaciأ³n"
Câ‚„Hâ‚„,Alqueno/Alquino,adiciأ³n-sustituciأ³n,C=C + Brâ‚‚ â†’ CBr-CBr | C=C + Hâ‚‚O â†’ C-OH | nC=C â†’ polأ­mero,"Adiciأ³n electrofأ­lica, hidrataciأ³n, polimerizaciأ³n"
Câ‚†Hâ‚…CHâ‚ƒ,Alqueno/Alquino,adiciأ³n-sustituciأ³n,C=C + Brâ‚‚ â†’ CBr-CBr | C=C + Hâ‚‚O â†’ C-OH | nC=C â†’ polأ­mero,"Adiciأ³n electrofأ­lica, hidrataciأ³n, polimerizaciأ³n"
Câ‚„Hâ‚ˆO,Compuesto carbonأ­lico,adiciأ³n-sustituciأ³n,R-CHO + Cu(OH)â‚‚ â†’ Cuâ‚‚Oâ†“ (Fehling) | R-CHO + 2Agâپ؛ â†’ 2Agâ†“ (espejo),"Aldehأ­dos: reductores (Fehling, Tollens)"
Câ‚…Hâ‚پâ‚€O,Compuesto carbonأ­lico,adiciأ³n-sustituciأ³n,R-CHO + Cu(OH)â‚‚ â†’ Cuâ‚‚Oâ†“ (Fehling) | R-CHO + 2Agâپ؛ â†’ 2Agâ†“ (espejo),"Aldehأ­dos: reductores (Fehling, Tollens)"
Câ‚„Hâ‚†Oâ‚‚,Compuesto carbonأ­lico,adiciأ³n-sustituciأ³n,R-CHO + Cu(OH)â‚‚ â†’ Cuâ‚‚Oâ†“ (Fehling) | R-CHO + 2Agâپ؛ â†’ 2Agâ†“ (espejo),"Aldehأ­dos: reductores (Fehling, Tollens)"
Câ‚ƒHâ‚†Oâ‚‚,Compuesto carbonأ­lico,adiciأ³n-sustituciأ³n,R-CHO + Cu(OH)â‚‚ â†’ Cuâ‚‚Oâ†“ (Fehling) | R-CHO + 2Agâپ؛ â†’ 2Agâ†“ (espejo),"Aldehأ­dos: reductores (Fehling, Tollens)"
Câ‚„Hâ‚ˆOâ‚‚,Acetato,desplazamiento,CHâ‚ƒCOOM + HA â†’ MA + CHâ‚ƒCOOH,Acetato + أ،cido fuerte â†’ أ،cido acأ©tico (vinagre)
Câ‚…Hâ‚پâ‚€Oâ‚‚,Acetato,desplazamiento,CHâ‚ƒCOOM + HA â†’ MA + CHâ‚ƒCOOH,Acetato + أ،cido fuerte â†’ أ،cido acأ©tico (vinagre)
Câ‚†Hâ‚پâ‚‚Oâ‚‚,Acetato,desplazamiento,CHâ‚ƒCOOM + HA â†’ MA + CHâ‚ƒCOOH,Acetato + أ،cido fuerte â†’ أ،cido acأ©tico (vinagre)
Câ‚…Hâ‚پâ‚€Oâ‚‚_form,Compuesto carbonأ­lico,adiciأ³n-sustituciأ³n,R-CHO + Cu(OH)â‚‚ â†’ Cuâ‚‚Oâ†“ (Fehling) | R-CHO + 2Agâپ؛ â†’ 2Agâ†“ (espejo),"Aldehأ­dos: reductores (Fehling, Tollens)"
Câ‚„Hâ‚†Oâ‚ƒ,Compuesto carbonأ­lico,adiciأ³n-sustituciأ³n,R-CHO + Cu(OH)â‚‚ â†’ Cuâ‚‚Oâ†“ (Fehling) | R-CHO + 2Agâپ؛ â†’ 2Agâ†“ (espejo),"Aldehأ­dos: reductores (Fehling, Tollens)"
Câ‚„Hâ‚„O,Compuesto carbonأ­lico,adiciأ³n-sustituciأ³n,R-CHO + Cu(OH)â‚‚ â†’ Cuâ‚‚Oâ†“ (Fehling) | R-CHO + 2Agâپ؛ â†’ 2Agâ†“ (espejo),"Aldehأ­dos: reductores (Fehling, Tollens)"
Câ‚…Hâ‚…N_py,Amina,neutralizaciأ³n,R-NHâ‚‚ + HA â†’ R-NHâ‚ƒâپ؛Aâپ» | Câ‚†Hâ‚…NHâ‚‚ + HNOâ‚‚ â†’ Câ‚†Hâ‚…Nâ‚‚âپ؛ (diazonio),Amina bأ،sica + أ،cido; diazotaciأ³n de arilaminas
Câ‚„Hâ‚„S,Compuesto inorgأ،nico,sأ­ntesis,NHâ‚ƒ + HCl â†’ NHâ‚„Cl | Hâ‚‚O + SOâ‚ƒ â†’ Hâ‚‚SOâ‚„,Reacciones de combinaciأ³n directa
Câ‚پâ‚‡Hâ‚‚â‚پNOâ‚„,Alcaloide,neutralizaciأ³n,Alcaloide + HA â†’ sal de alcaloide (soluble) | + reactivos colorimأ©tricos,Alcaloides: bases â†’ sales solubles con أ،cidos
Câ‚ˆHâ‚‰NOâ‚‚,Alcaloide,neutralizaciأ³n,Alcaloide + HA â†’ sal de alcaloide (soluble) | + reactivos colorimأ©tricos,Alcaloides: bases â†’ sales solubles con أ،cidos
Câ‚پâ‚ƒHâ‚پâ‚†Nâ‚‚Oâ‚‚,Alcaloide,neutralizaciأ³n,Alcaloide + HA â†’ sal de alcaloide (soluble) | + reactivos colorimأ©tricos,Alcaloides: bases â†’ sales solubles con أ،cidos
Câ‚پâ‚€Hâ‚پâ‚‚Nâ‚‚O,Amina,neutralizaciأ³n,R-NHâ‚‚ + HA â†’ R-NHâ‚ƒâپ؛Aâپ» | Câ‚†Hâ‚…NHâ‚‚ + HNOâ‚‚ â†’ Câ‚†Hâ‚…Nâ‚‚âپ؛ (diazonio),Amina bأ،sica + أ،cido; diazotaciأ³n de arilaminas
Câ‚پâ‚€Hâ‚پâ‚‚Nâ‚‚O_ser,Amina,neutralizaciأ³n,R-NHâ‚‚ + HA â†’ R-NHâ‚ƒâپ؛Aâپ» | Câ‚†Hâ‚…NHâ‚‚ + HNOâ‚‚ â†’ Câ‚†Hâ‚…Nâ‚‚âپ؛ (diazonio),Amina bأ،sica + أ،cido; diazotaciأ³n de arilaminas
Câ‚…Hâ‚„Nâ‚„Oâ‚ƒ,Compuesto inorgأ،nico,sأ­ntesis,NHâ‚ƒ + HCl â†’ NHâ‚„Cl | Hâ‚‚O + SOâ‚ƒ â†’ Hâ‚‚SOâ‚„,Reacciones de combinaciأ³n directa
Câ‚‚Hâ‚„,Alqueno/Alquino,adiciأ³n-sustituciأ³n,C=C + Brâ‚‚ â†’ CBr-CBr | C=C + Hâ‚‚O â†’ C-OH | nC=C â†’ polأ­mero,"Adiciأ³n electrofأ­lica, hidrataciأ³n, polimerizaciأ³n"
Câ‚پâ‚€Hâ‚پâ‚†,Compuesto inorgأ،nico,sأ­ntesis,NHâ‚ƒ + HCl â†’ NHâ‚„Cl | Hâ‚‚O + SOâ‚ƒ â†’ Hâ‚‚SOâ‚„,Reacciones de combinaciأ³n directa
Câ‚پâ‚€Hâ‚پâ‚ˆO,Alcohol,oxidaciأ³n,R-OH [O] â†’ R-CHO â†’ R-COOH | R-OH + Na â†’ ROâپ»Naâپ؛ + Hâ‚‚â†‘,Oxidaciأ³n a aldehأ­do/أ،cido; reacciأ³n con sodio
Câ‚پâ‚€Hâ‚پâ‚„O,Alcohol,oxidaciأ³n,R-OH [O] â†’ R-CHO â†’ R-COOH | R-OH + Na â†’ ROâپ»Naâپ؛ + Hâ‚‚â†‘,Oxidaciأ³n a aldehأ­do/أ،cido; reacciأ³n con sodio
Câ‚پâ‚…Hâ‚پâ‚‚Oâ‚…,Alcaloide,neutralizaciأ³n,Alcaloide + HA â†’ sal de alcaloide (soluble) | + reactivos colorimأ©tricos,Alcaloides: bases â†’ sales solubles con أ،cidos
Câ‚‚â‚پHâ‚ƒâ‚€Oâ‚‚,Alcaloide,neutralizaciأ³n,Alcaloide + HA â†’ sal de alcaloide (soluble) | + reactivos colorimأ©tricos,Alcaloides: bases â†’ sales solubles con أ،cidos
Câ‚پâ‚†Hâ‚پâ‚‚Oâ‚…,Alcaloide,neutralizaciأ³n,Alcaloide + HA â†’ sal de alcaloide (soluble) | + reactivos colorimأ©tricos,Alcaloides: bases â†’ sales solubles con أ،cidos
Bâ‚„C,Carburo/Nitruro,hidrأ³lisis,CaCâ‚‚ + 2Hâ‚‚O â†’ Ca(OH)â‚‚ + Câ‚‚Hâ‚‚â†‘ | Caâ‚ƒNâ‚‚ + 6Hâ‚‚O â†’ 3Ca(OH)â‚‚ + 2NHâ‚ƒâ†‘,Carburo/nitruro + agua â†’ gas + hidrأ³xido
WC,Carburo/Nitruro,hidrأ³lisis,CaCâ‚‚ + 2Hâ‚‚O â†’ Ca(OH)â‚‚ + Câ‚‚Hâ‚‚â†‘ | Caâ‚ƒNâ‚‚ + 6Hâ‚‚O â†’ 3Ca(OH)â‚‚ + 2NHâ‚ƒâ†‘,Carburo/nitruro + agua â†’ gas + hidrأ³xido
TiC,Carburo/Nitruro,hidrأ³lisis,CaCâ‚‚ + 2Hâ‚‚O â†’ Ca(OH)â‚‚ + Câ‚‚Hâ‚‚â†‘ | Caâ‚ƒNâ‚‚ + 6Hâ‚‚O â†’ 3Ca(OH)â‚‚ + 2NHâ‚ƒâ†‘,Carburo/nitruro + agua â†’ gas + hidrأ³xido
VC_car,Carburo/Nitruro,hidrأ³lisis,CaCâ‚‚ + 2Hâ‚‚O â†’ Ca(OH)â‚‚ + Câ‚‚Hâ‚‚â†‘ | Caâ‚ƒNâ‚‚ + 6Hâ‚‚O â†’ 3Ca(OH)â‚‚ + 2NHâ‚ƒâ†‘,Carburo/nitruro + agua â†’ gas + hidrأ³xido
Crâ‚ƒCâ‚‚,Carburo/Nitruro,hidrأ³lisis,CaCâ‚‚ + 2Hâ‚‚O â†’ Ca(OH)â‚‚ + Câ‚‚Hâ‚‚â†‘ | Caâ‚ƒNâ‚‚ + 6Hâ‚‚O â†’ 3Ca(OH)â‚‚ + 2NHâ‚ƒâ†‘,Carburo/nitruro + agua â†’ gas + hidrأ³xido
Moâ‚‚C,Carburo/Nitruro,hidrأ³lisis,CaCâ‚‚ + 2Hâ‚‚O â†’ Ca(OH)â‚‚ + Câ‚‚Hâ‚‚â†‘ | Caâ‚ƒNâ‚‚ + 6Hâ‚‚O â†’ 3Ca(OH)â‚‚ + 2NHâ‚ƒâ†‘,Carburo/nitruro + agua â†’ gas + hidrأ³xido
HfC,Carburo/Nitruro,hidrأ³lisis,CaCâ‚‚ + 2Hâ‚‚O â†’ Ca(OH)â‚‚ + Câ‚‚Hâ‚‚â†‘ | Caâ‚ƒNâ‚‚ + 6Hâ‚‚O â†’ 3Ca(OH)â‚‚ + 2NHâ‚ƒâ†‘,Carburo/nitruro + agua â†’ gas + hidrأ³xido
TaN,Carburo/Nitruro,hidrأ³lisis,CaCâ‚‚ + 2Hâ‚‚O â†’ Ca(OH)â‚‚ + Câ‚‚Hâ‚‚â†‘ | Caâ‚ƒNâ‚‚ + 6Hâ‚‚O â†’ 3Ca(OH)â‚‚ + 2NHâ‚ƒâ†‘,Carburo/nitruro + agua â†’ gas + hidrأ³xido
TiN,Carburo/Nitruro,hidrأ³lisis,CaCâ‚‚ + 2Hâ‚‚O â†’ Ca(OH)â‚‚ + Câ‚‚Hâ‚‚â†‘ | Caâ‚ƒNâ‚‚ + 6Hâ‚‚O â†’ 3Ca(OH)â‚‚ + 2NHâ‚ƒâ†‘,Carburo/nitruro + agua â†’ gas + hidrأ³xido
Siâ‚ƒNâ‚„,Carburo/Nitruro,hidrأ³lisis,CaCâ‚‚ + 2Hâ‚‚O â†’ Ca(OH)â‚‚ + Câ‚‚Hâ‚‚â†‘ | Caâ‚ƒNâ‚‚ + 6Hâ‚‚O â†’ 3Ca(OH)â‚‚ + 2NHâ‚ƒâ†‘,Carburo/nitruro + agua â†’ gas + hidrأ³xido
BN,Carburo/Nitruro,hidrأ³lisis,CaCâ‚‚ + 2Hâ‚‚O â†’ Ca(OH)â‚‚ + Câ‚‚Hâ‚‚â†‘ | Caâ‚ƒNâ‚‚ + 6Hâ‚‚O â†’ 3Ca(OH)â‚‚ + 2NHâ‚ƒâ†‘,Carburo/nitruro + agua â†’ gas + hidrأ³xido
AlN,Carburo/Nitruro,hidrأ³lisis,CaCâ‚‚ + 2Hâ‚‚O â†’ Ca(OH)â‚‚ + Câ‚‚Hâ‚‚â†‘ | Caâ‚ƒNâ‚‚ + 6Hâ‚‚O â†’ 3Ca(OH)â‚‚ + 2NHâ‚ƒâ†‘,Carburo/nitruro + agua â†’ gas + hidrأ³xido
GaN,Carburo/Nitruro,hidrأ³lisis,CaCâ‚‚ + 2Hâ‚‚O â†’ Ca(OH)â‚‚ + Câ‚‚Hâ‚‚â†‘ | Caâ‚ƒNâ‚‚ + 6Hâ‚‚O â†’ 3Ca(OH)â‚‚ + 2NHâ‚ƒâ†‘,Carburo/nitruro + agua â†’ gas + hidrأ³xido
InN,Carburo/Nitruro,hidrأ³lisis,CaCâ‚‚ + 2Hâ‚‚O â†’ Ca(OH)â‚‚ + Câ‚‚Hâ‚‚â†‘ | Caâ‚ƒNâ‚‚ + 6Hâ‚‚O â†’ 3Ca(OH)â‚‚ + 2NHâ‚ƒâ†‘,Carburo/nitruro + agua â†’ gas + hidrأ³xido
Mgâ‚ƒNâ‚‚,Carburo/Nitruro,hidrأ³lisis,CaCâ‚‚ + 2Hâ‚‚O â†’ Ca(OH)â‚‚ + Câ‚‚Hâ‚‚â†‘ | Caâ‚ƒNâ‚‚ + 6Hâ‚‚O â†’ 3Ca(OH)â‚‚ + 2NHâ‚ƒâ†‘,Carburo/nitruro + agua â†’ gas + hidrأ³xido
Liâ‚ƒN,Carburo/Nitruro,hidrأ³lisis,CaCâ‚‚ + 2Hâ‚‚O â†’ Ca(OH)â‚‚ + Câ‚‚Hâ‚‚â†‘ | Caâ‚ƒNâ‚‚ + 6Hâ‚‚O â†’ 3Ca(OH)â‚‚ + 2NHâ‚ƒâ†‘,Carburo/nitruro + agua â†’ gas + hidrأ³xido
XeFâ‚‚,Compuesto inorgأ،nico,sأ­ntesis,NHâ‚ƒ + HCl â†’ NHâ‚„Cl | Hâ‚‚O + SOâ‚ƒ â†’ Hâ‚‚SOâ‚„,Reacciones de combinaciأ³n directa
XeFâ‚„,Compuesto inorgأ،nico,sأ­ntesis,NHâ‚ƒ + HCl â†’ NHâ‚„Cl | Hâ‚‚O + SOâ‚ƒ â†’ Hâ‚‚SOâ‚„,Reacciones de combinaciأ³n directa
XeOâ‚ƒ,أ“xido,neutralizaciأ³n,MO + Hâ‚‚O â†’ M(OH)â‚‚ | MO + HCl â†’ MClâ‚‚ + Hâ‚‚O,أ“xido + agua â†’ hidrأ³xido; أ³xido + أ،cido â†’ sal + agua
KrFâ‚‚,Compuesto inorgأ،nico,sأ­ntesis,NHâ‚ƒ + HCl â†’ NHâ‚„Cl | Hâ‚‚O + SOâ‚ƒ â†’ Hâ‚‚SOâ‚„,Reacciones de combinaciأ³n directa
SFâ‚†,Compuesto inorgأ،nico,sأ­ntesis,NHâ‚ƒ + HCl â†’ NHâ‚„Cl | Hâ‚‚O + SOâ‚ƒ â†’ Hâ‚‚SOâ‚„,Reacciones de combinaciأ³n directa
UFâ‚†,Compuesto inorgأ،nico,sأ­ntesis,NHâ‚ƒ + HCl â†’ NHâ‚„Cl | Hâ‚‚O + SOâ‚ƒ â†’ Hâ‚‚SOâ‚„,Reacciones de combinaciأ³n directa
IFâ‚‡,Haluro,precipitaciأ³n,MX + AgNOâ‚ƒ â†’ AgXâ†“ + M(NOâ‚ƒ) | MX + NaOH â†’ M(OH)â†“ + NaX,Haluro + plata â†’ precipitado; con NaOH â†’ hidrأ³xido
OsFâ‚ˆ,Haluro,precipitaciأ³n,MX + AgNOâ‚ƒ â†’ AgXâ†“ + M(NOâ‚ƒ) | MX + NaOH â†’ M(OH)â†“ + NaX,Haluro + plata â†’ precipitado; con NaOH â†’ hidrأ³xido
ClFâ‚ƒ,Haluro,precipitaciأ³n,MX + AgNOâ‚ƒ â†’ AgXâ†“ + M(NOâ‚ƒ) | MX + NaOH â†’ M(OH)â†“ + NaX,Haluro + plata â†’ precipitado; con NaOH â†’ hidrأ³xido
BrFâ‚…,Haluro,precipitaciأ³n,MX + AgNOâ‚ƒ â†’ AgXâ†“ + M(NOâ‚ƒ) | MX + NaOH â†’ M(OH)â†“ + NaX,Haluro + plata â†’ precipitado; con NaOH â†’ hidrأ³xido
Nâ‚‚Fâ‚„,Compuesto inorgأ،nico,sأ­ntesis,NHâ‚ƒ + HCl â†’ NHâ‚„Cl | Hâ‚‚O + SOâ‚ƒ â†’ Hâ‚‚SOâ‚„,Reacciones de combinaciأ³n directa
SeFâ‚†,Compuesto inorgأ،nico,sأ­ntesis,NHâ‚ƒ + HCl â†’ NHâ‚„Cl | Hâ‚‚O + SOâ‚ƒ â†’ Hâ‚‚SOâ‚„,Reacciones de combinaciأ³n directa
TeFâ‚†,Compuesto inorgأ،nico,sأ­ntesis,NHâ‚ƒ + HCl â†’ NHâ‚„Cl | Hâ‚‚O + SOâ‚ƒ â†’ Hâ‚‚SOâ‚„,Reacciones de combinaciأ³n directa
PFâ‚…,Haluro,precipitaciأ³n,MX + AgNOâ‚ƒ â†’ AgXâ†“ + M(NOâ‚ƒ) | MX + NaOH â†’ M(OH)â†“ + NaX,Haluro + plata â†’ precipitado; con NaOH â†’ hidrأ³xido
AsFâ‚…,Haluro,precipitaciأ³n,MX + AgNOâ‚ƒ â†’ AgXâ†“ + M(NOâ‚ƒ) | MX + NaOH â†’ M(OH)â†“ + NaX,Haluro + plata â†’ precipitado; con NaOH â†’ hidrأ³xido
H2,Molأ©cula homoatأ³mica,sأ­ntesis,Hâ‚‚ + آ½Oâ‚‚ â†’ Hâ‚‚O | Nâ‚‚ + 3Hâ‚‚ â†’ 2NHâ‚ƒ | Clâ‚‚ + 2NaOH â†’ NaOCl,"Molأ©culas diatأ³micas: combustiأ³n, sأ­ntesis, dismutaciأ³n"
HI,أپcido,neutralizaciأ³n,HnA + nMOH â†’ MnA + nHâ‚‚O,أپcido + base â†’ sal + agua (reacciأ³n de neutralizaciأ³n)
FeCl2,Haluro,precipitaciأ³n,MX + AgNOâ‚ƒ â†’ AgXâ†“ + M(NOâ‚ƒ) | MX + NaOH â†’ M(OH)â†“ + NaX,Haluro + plata â†’ precipitado; con NaOH â†’ hidrأ³xido
ZnCl2,Haluro,precipitaciأ³n,MX + AgNOâ‚ƒ â†’ AgXâ†“ + M(NOâ‚ƒ) | MX + NaOH â†’ M(OH)â†“ + NaX,Haluro + plata â†’ precipitado; con NaOH â†’ hidrأ³xido
Cu2S,Sulfuro,desplazamiento,MS + 2HA â†’ MAâ‚‚ + Hâ‚‚Sâ†‘,Sulfuro + أ،cido â†’ Hâ‚‚S (gas tأ³xico caracterأ­stico)
C2H7N,Amina,neutralizaciأ³n,R-NHâ‚‚ + HA â†’ R-NHâ‚ƒâپ؛Aâپ» | Câ‚†Hâ‚…NHâ‚‚ + HNOâ‚‚ â†’ Câ‚†Hâ‚…Nâ‚‚âپ؛ (diazonio),Amina bأ،sica + أ،cido; diazotaciأ³n de arilaminas
C8H10N4O2,Alcaloide,neutralizaciأ³n,Alcaloide + HA â†’ sal de alcaloide (soluble) | + reactivos colorimأ©tricos,Alcaloides: bases â†’ sales solubles con أ،cidos
C10H14N2,Alcaloide,neutralizaciأ³n,Alcaloide + HA â†’ sal de alcaloide (soluble) | + reactivos colorimأ©tricos,Alcaloides: bases â†’ sales solubles con أ،cidos
MgS2O3,Tiosulfato,oxidaciأ³n-reducciأ³n,2Sâ‚‚Oâ‚ƒآ²âپ» + Iâ‚‚ â†’ Sâ‚„Oâ‚†آ²âپ» + 2Iâپ» (yodometrأ­a),Tiosulfato reduce yodo (titulaciأ³n yodomأ©trica)
BaS2O3,Tiosulfato,oxidaciأ³n-reducciأ³n,2Sâ‚‚Oâ‚ƒآ²âپ» + Iâ‚‚ â†’ Sâ‚„Oâ‚†آ²âپ» + 2Iâپ» (yodometrأ­a),Tiosulfato reduce yodo (titulaciأ³n yodomأ©trica)
CaS2O3,Tiosulfato,oxidaciأ³n-reducciأ³n,2Sâ‚‚Oâ‚ƒآ²âپ» + Iâ‚‚ â†’ Sâ‚„Oâ‚†آ²âپ» + 2Iâپ» (yodometrأ­a),Tiosulfato reduce yodo (titulaciأ³n yodomأ©trica)
ZnS2O3,Tiosulfato,oxidaciأ³n-reducciأ³n,2Sâ‚‚Oâ‚ƒآ²âپ» + Iâ‚‚ â†’ Sâ‚„Oâ‚†آ²âپ» + 2Iâپ» (yodometrأ­a),Tiosulfato reduce yodo (titulaciأ³n yodomأ©trica)
(NH4)2S2O3,Tiosulfato,oxidaciأ³n-reducciأ³n,2Sâ‚‚Oâ‚ƒآ²âپ» + Iâ‚‚ â†’ Sâ‚„Oâ‚†آ²âپ» + 2Iâپ» (yodometrأ­a),Tiosulfato reduce yodo (titulaciأ³n yodomأ©trica)
